status_id,sentence
1439738694584311810,_哈利波特，雙人組隊啊😂
1439738139346567170,我跟我媽說湯姆跟艾瑪以前在哈利波特片場互相喜歡⋯
1439738139346567170,欸你知道馬份跟妙麗戲外暗戀對方嗎
1439738139346567170,👩‍👧真的假的我不知道欸
1439738139346567170,可是他們沒有在一起
1439738139346567170,乾他們一起拍戲年年欸
1439738139346567170,艾瑪就說湯姆不可能不知道她喜歡他⋯
1439738139346567170,我超氣，他們沒在一起欸我超氣
1439738139346567170,👩‍👧你氣三小
1439737860584660998,真的有哈利波特迷喜歡那個手遊嗎
1439737860584660998,我如果看到喜歡的作品被改成支味十足的手遊還搞言論審查真的會爆氣ㄟ
1439734099329966083,放假想要做的事
1439734099329966083,迪士尼💕
1439734099329966083,哈利波特
1439734099329966083,整理自己的想法
1439734099329966083,休息
1439734099329966083,看書
1439725619840004104,慌了一个周末把实验的的定下来了老婆还没起床想脑婆我想看老婆睡觉
1439725619840004104,嘿嘿嘿嘿嘿此处自行带入哈利波特最后一部伏地魔认为哈利死了的笑声
1439725619840004104,¯﹃¯///
1439678757933965313,看哈利波特看到凌晨四点哭没了
1439676464530477057,我找不到更多的词去赞美这位太太的剪辑了
1439676464530477057,可以说是我今年最爱的哈利波特群像剪辑///
1439672491794862083,哈利波特还有游戏
1439671083259478017,中秋摸魚
1439671083259478017,剩個人還敢聊哈利波特，看來是很有餘裕啊
1439671083259478017,兔耳本體太可愛惹叭́ᄇ`
1439671083259478017,乓
1439671083259478017,所以腦補了一下今天線下畫面手收沒空需要靠薩寶喂月餅的雙人兔兔
1439671083259478017,順便讓我們歡迎延誤就學年的霍格華///
1439669644374122498,你妈的哈利波特怎么这么上头
1439669644374122498,单排冲到了全是富哥们比我多好几百血不打了
1439658050118316033,又測了兩次都是雷文克勞越了解哈利波特世界就越不獾院了餒，怎麼會這樣還是是我變了
1439654318295027713,心有靈犀
1439654318295027713,那趕快下載哈利波特
1439653974064332801,遊戲抽卡臉黑黑就算了
1439653974064332801,最近做什麼事情都臉黑黑
1439653974064332801,每天睡醒都期望明天都更好
1439653974064332801,希望明天真的能更好~_~
1439653974064332801,那
1439653974064332801,我要去玩哈利波特了
1439653794644516867,我可不是哈利波特小三
1439653794644516867,大姐千万不要误会
1439653794644516867,嘻嘻嘻
1439649725645393922,哈利波特中毒了
1439649725645393922,莫名其妙分身分错
1439649725645393922,写道虐待小狗狗///
1439641122402304000,哈利波特手遊好好玩
1439627875397750784,肥肠神奇，哈利波特大概是唯一一部我读中文和英文会用同一套理解系统去处理的书本能系统
1439621073893355528,最近读书汇报
1439621073893355528,在啃英文的哈利波特，然后伪币制造者也缓慢推进
1439621073893355528,可是最近实在是，状态不太好，开了很多新书在看又睡不好啊
1439621073893355528,糟糕的一周
1439621073893355528,唉配图是魂断威尼斯///
1439620202002477059,笑死我現在哈利波特的屏幕一直閃因為我用太多次黑魔法了準備進阿茲卡班
1439617398038876170,我被哈利波特吸了精气，我不能再玩了，我要画画
1439616975714488330,哈利波特遊戲
1439616975714488330,鷹院可愛小聰明
1439616975714488330,蛇院打架第一名
1439615266350981124,今天逛勤美看到設計師玩具快閃店
1439615266350981124,覺得哈利波特盒玩太可愛
1439615266350981124,買了一抽來玩
1439615266350981124,抽到榮恩好可愛哦///
1439614758827614212,打个哈利波特感觉头都要被打掉了，贝拉的回响真的打得人受不了
1439614650832674819,之前一次说看不懂汉密尔顿男主出轨哎的也是她
1439614650832674819,我真的应该及时从人生中开除这种人的，虽然哈利波特不是什么好游戏吧，估计她是再也吃不出什么好东西了
1439613405959176199,決定來重看哈利波特全系列
1439610946675044364,因為遊戲而看了第一集哈利波特😂
1439608528751108100,之前晚上都會看哈利波特那時候看到鄧不利多死掉那邊哭到整個咪咪冒冒隔天早上起來整個大恍神
1439605166550904832,妹買了中衛哈利波特霍格華茲口罩讓我們分，一人拿一個學院，我考慮了很久，抱歉了勇氣冒險睿智果決博學聰穎野心尊爵不凡絕頂天才與正義ㄉ化身
1439605166550904832,我選有帥哥西追的那個
1439605003052666884,有稍微耳聞過就覺得那個淒慘的程度真的是慘絕人寰
1439605003052666884,雖說要支持台灣譯者，但也很怕這種情況啊⋯⋯畢竟哈利波特當時改皇冠編譯組也讓我倒彈過品質差或是不老實的東西怎麼樣都支持不下去，真希望台灣的更多生意人能認知到這點
1439598642843697159,原本想烤肉不是物理香噴噴的那個烤肉
1439598642843697159,結果翻到一半就開始打瞌睡
1439598642843697159,所以我決定玩哈利波特去
1439598297514225670,对约翰威廉姆斯我是彻底服气的今天可以通撸一遍哈利波特🪄
1439598297514225670,哈利波特组曲重返魔法世界
1439598297514225670,///来自
1439598052113670144,/
1439598052113670144,今天發現🐧原來有載哈利波特喔好激動
1439598052113670144,就莫名悸動
1439598052113670144,就莫名悸動
1439598052113670144,也許是昨天跟姊談完好多關於🐧的事今天我也有點暈^^
1439598052113670144,然後題目又好死不死搞彩虹話題看婚姻合法化心裡悸動完全充斥好喔
1439598052113670144,回去無表示
1439595223881895943,__放假的话还是感觉晴天好一些，出门也比较方便，我这边今天下了一天的雨
1439595223881895943,就不太想出门，然后就一直在玩哈利波特🤣
1439592761519325190,慘了哈利波特中毒惹🥺///
1439590611259064321,北京终于有哈利波特城堡啦///
1439589736654327810,最近在玩网易的哈利波特有人带带我吗
1439580378646282241,_啥
1439580378646282241,哈利波特还能出游戏了
1439579323183165441,_哈利波特和玩家啥关系啊
1439578216893542406,看天官忘记打哈利波特手游的社团活动了
1439578216893542406,急急忙忙进来结果他喵的在排队
1439578216893542406,信积拉奶///
1439577492482715653,我很喜歡哈利波特，但哈利波特的作者請去死🥰
1439576462340673536,哈利波特格兰芬多，分多分多，正义勇敢
1439576462340673536,哈利波特타오바오인형옷인형옷바로배송娃娃衣服娃衣棉花娃衣///
1439575502528778240,_
1439575502528778240,没看懂，哈利波特和氪金佬有关系吗
1439574732064526337,我真是傻
1439574732064526337,给拆腻子的劣质手游花费重金，并没有提升一点游戏体验
1439574732064526337,每花一分钱只会让傻叉策划觉得亲密玫瑰这类几把东西很有用，并继续增加此类几把东西
1439574732064526337,让我顿悟的是哈利波特手游，年了还整建模
1439574732064526337,打开玩刺客信条不爽吗
1439570101062094848,有人玩那個哈利波特手遊回答問題
1439570101062094848,問石內普最重要的人是誰選詹姆的人到底是有沒有看過原作啊
1439565118916870148,😱😱😱竟然佔我遊戲😂
1439565118916870148,一定是這樣我的哈利波特才那麼當😂
1439556197409951751,_ㄟ我想等換手機之後再來玩比換手機之前先到的是哈利波特電腦版
1439553103380959243,看铁雨懂韩国，看纸牌屋懂英国，看好莱坞懂美国，看三体懂宇宙
1439553103380959243,看了哈利波特之后懂了直接骑着扫帚从楼上跳下去就能飞的原理
1439551486132850691,哈利波特的中国风皮肤，这个白旗袍挺好看////
1439550831800434688,哈利波特好好玩我一直在打決鬥社
1439542432572444674,看完後剛好出來就順便看下去，然後又剛好要出拉丁美洲篇了
1439542432572444674,這樣下去我什麼時候可以看哈利波特🥵
1439541854345707524,哈利波特好难玩🥲
1439538900393857034,我跟朋友一起玩還滿開心的
1439538900393857034,我自己覺得哈利波特粉絲的話很推薦
1439536783176265734,💜姜贤_官咖更新
1439536783176265734,签到板块
1439536783176265734,这样的天气很奇妙
1439536783176265734,想重新看过哈利波特😃
1439536783176265734,因为是中秋节倍
1439536783176265734,们有想看的电视剧或者电影吗
1439536783176265734,원위///
1439535684394520578,從昨天開始我弟就一直跟我哈利波特問答
1439535684394520578,好ㄌ啦雷文克勞真難相處
1439524992526405633,當你想起你過去有多愛哈利波特系列的同時也想起羅琳是個恐跨跟//////
1439524983114387459,最近哈利波特遊戲有跟好友組隊對戰拿巧克力蛙活動
1439524983114387459,我很喜歡這個
1439524983114387459,很喜歡朋友會理所當然的喊我上線
1439524983114387459,更喜歡完全沒有溝通但就是知道對方什麼時候要做什麼跟著輔助對方
1439524983114387459,也超級喜歡個人血量低過半時朋友優先補我血
1439524983114387459,我喜歡這種不開麥不打字的默契
1439522282439786507,好想問還有哈利波特學院但看之前很多人問過沒被回答到所以放棄
1439520111770046466,哈利波特我覺得最好看ㄉ地方是從阿茲卡班的逃犯結尾那邊開始時間回溯一直到後面
1439520111770046466,火盃的考驗我也超喜歡的
1439519998863572995,今天還沒解哈利波特魔法覺醒的任務
1439519998863572995,有遇到很讚可以一起解任務的好朋朋
1439519998863572995,他們人好好😭
1439519945654620163,我可以開一個玩哈利波特耍笨日記了
1439515776877092869,今天喝到了很好喝的牛奶草莓奶綠燒仙草
1439515776877092869,因為連續下雨，整個人都昏昏欲睡
1439515776877092869,玩了一天哈利波特的手遊
1439515776877092869,今天通關了很多
1439515776877092869,單人決鬥的時候連續幾次都在殘血的狀態下把對方給反殺了，很開心
1439515776877092869,我沒有按攻略的牌組來打，在自己搭配玩耍
1439515696455581696,希望哈利波特趕快出電腦版ㄉ好想趕快玩ㄛㄛ
1439511820927070208,洗洗睡聽起來好像什麼哈利波特的咒語喔，像是咒咒虐水水來之類的
1439511820927070208,哇那尻尻睡聽起來很厲害ㄟ
1439499434685988864,機智醫生生活播出後，也有許多觀眾批評其奇幻程度堪比哈利波特，中略申元浩解釋初衷我看過很多類似這樣的醫生在哪裡
1439499434685988864,的評論
1439499434685988864,但即使只是幻想，我也希望我的這份幻想能讓你覺得我希望遇見這樣的人，所以我也必須成為一個好人///
1439495478039564293,哈利波特小镇///
1439493190428422147,在今天的某一瞬间
1439493190428422147,玩哈利波特的时候
1439493190428422147,排位赛碰到用黑魔法那一套的我直接躺平
1439493190428422147,然后内心无限悲伤
1439492850517897219,把哈利波特下載又刪下載又刪因為覺得自己沒時間玩
1439492850517897219,今天又想來試試看ㄌ///
1439490480006258690,唉要不是哈利波特那個遊戲是網易的要不我也挺想玩的🤯
1439485146835546112,__就像你們這些人要是沒有法律一定上街強暴幼女一樣
1439485146835546112,我要是可以的話一定把這種癖好的男人斷手斷腳扔在豬圈
1439485146835546112,所以沒法律你也會殺人放火嗎
1439485146835546112,你是指你自己吧現實算了，二次元你干涉什麼
1439485146835546112,那應該哈利///
1439481495769391112,哈让我想到哈利波特里的比比多味豆
1439480160516927493,想要避開哈利波特手遊真的避不掉耶
1439478414264573953,小時候還看不太懂哈利波特
1439478414264573953,現在再去重新複習一次劇情到死神的聖物那邊整個大哭🥲
1439474889728020482,昨晚给儿子读了差不多四十多分钟的哈利波特，中午我媳妇上杆子说要读给我儿子听，差不多读了个字就放弃了，然后找手机播放音频，朗读这种事情真的需要耐性，做多了自然有很多乐趣，估计很多人高中之后就丧失了朗读能力了吧
1439471494526951425,誰來早安在意不在意
1439471494526951425,終於放假了✌️✌️
1439471494526951425,哈利波特還不錯玩，有人要加我一起玩嗎
1439471494526951425,自言自語🤪///
1439471326150885376,_印象中是哈利波特的
1439461184730763264,跟朋友討論的哈利波特
1439461184730763264,結論是🦈🔍赫夫帕夫🐙雷文克勞🐔💀葛來分多
1439459285159743494,看，年的畫質真的差到極點欸
1439459285159743494,ㄇㄉ
1439459285159743494,整部哈利波特都是糊的
1439457747938918403,有沒有人玩哈利波特啊
1439457747938918403,社團缺人🐍院的
1439455259080884225,哈利波特果然不適合我這種很不會玩遊戲的人阿
1439446985631682560,没事哈利波特我喜欢💕
1439446554859900933,_可能这就是一千个人，一千个哈姆雷特吧差点儿说成一千个人一千个哈利波特艹😂
1439444772528164864,也想玩哈利波特手遊，可是一想到是骨子裡是那間公司就ㄅ想玩了
1439443926188838913,就常常一個週末不知道要幹嘛，電影馬拉松直接靶一整系列哈利波特魔戒哈比人神鬼奇航或者一些漫威的電影一次看完
1439440907292618755,哈利波特烦恼
1439435168905785350,感覺會拆失敗
1439435168905785350,我要去玩哈利波特麻醉自己ㄌ
1439435168905785350,已經沈迷到累積兩集還不去看
1439433415149772802,蛤，我覺得哈利波特還蠻好玩的，怎麼辦
1439428879114915843,想買哈利波特百科全書
1439423468718592003,中秋佳节第一天研究研究哈利波特呲牙呲牙呲牙
1439423468718592003,哈利波特中秋节///
1439419236053442560,哈利波特游戏出旗袍这是什么鬼
1439415612443222021,年月份艺术家就曾经在上太平鸟抄袭
1439415612443222021,"太平鸟把大牌的小众的它全薅了个遍,它连年的哈利波特韩国联名系列背心也抄袭"
1439415612443222021,"📣太平鸟最早做日本西装订单,后期业务下降"
1439415612443222021,转作抄小///
1439381604292435971,差点说哈利波特
1439379082450325508,于小宇这🥣回天津了偌大的房间就我一个人又爽又无聊
1439379082450325508,我最近下载了那个哈利波特的游戏还不错挺好玩我选的蛇院不过是萌新也就这两天刚下载最高连胜才没几场😿
1439379082450325508,是放学路上看着这个☁️很像小怪兽就拍下来啦剩下的风景照就都
1439359007915790338,跟朋朋看哈利波特第一集
1439359007915790338,我都在吐嘈
1439359007915790338,古靈閣是僅次於霍格華茲安全的地方
1439359007915790338,古靈閣遭竊
1439359007915790338,玥炭第二安全的地方
1439359007915790338,山怪
1439359007915790338,玥炭最安全的地方
1439357536960802819,__说起来最近中国上线了一个哈利波特游戏
1439356462883426305,哈利波特游戏爱好者不甜
1439337181617684482,我把最近在重看哈利波特
1439337181617684482,改成最近没有
1439337181617684482,我试试自慰的时候
1439337181617684482,帮他把魔杖掏出来
1439336485862379525,哈利波特烦恼
1439331296652627975,因為玩了新的哈利波特手遊所以又開始重看哈利波特的小說☕️
1439299061970976773,本来大半夜的就很嘛想着玩哈利波特放松一下我都没有去打决斗就想着把碎片收集一下结果直接被那个舞曲整破防了😢😢😢我就是手残我就是搞不来为什么我搜集碎片还要我跳四星啊到后面我直接自暴自弃了到底为什么啊呜呜呜呜我只///
1439288497056059393,晚安哈利波特
1439288497056059393,老娘憋着就等着炸蛆，
1439288497056059393,忍无可忍无需再忍一定要找到
1439286511124418561,剛剛玩哈利波特ㄌ好玩
1439282239364235267,最近又回到很晚睡的習慣
1439282239364235267,從駕照考到之後
1439282239364235267,加上最近一直在玩哈利波特
1439282239364235267,乾有夠好玩
1439282239364235267,雖然是中國的遊戲公司😢
1439282239364235267,但還是很好玩啦有何關聯
1439276715063185415,晚饭过后预计是点
1439276715063185415,下载了哈利波特·魔法觉醒
1439276715063185415,哈利波特魔戒这种我太爱了
1439276715063185415,但我觉得这游戏应该换个名字
1439276715063185415,哈利波特·根本不想醒
1439276715063185415,下载之后就一直玩一直玩
1439276715063185415,坐得笔直没动过
1439276715063185415,保持这个动态玩了四个小时
1439276715063185415,这游戏有毒
1439276715063185415,赶紧卸载
1439276715063185415,快跑
1439275347472629766,哈利波特的匹配机制真的是令人作呕，每当连胜两把第三把绝对匹配的要么是连胜十几局的要么是某某市前名
1439275347472629766,不想让复制金卡就直说么
1439275347472629766,🤮🤮🤮///
1439273834117427206,最近哈利波特遊戲很夯
1439273834117427206,雖然我只玩了一下子就被我放置了
1439273834117427206,真的很不會玩卡牌戰鬥這種燒腦的東西啊///
1439268487797477377,我納悶的是哈利波特居然沒什麼被抵制
1439268487797477377,不也是中資遊戲嗎
1439267946728017929,哈利波特玩的好下头，每时每刻都在逼着我退游///
1439264958269702144,抱歉了論文
1439264958269702144,哈利波特實在是太香了
1439258851635646473,哈利波特我用阿里云盘分享了哈利波特，你可以不限速下载🚀
1439258851635646473,复制这段内容打开阿里云盘即可获取
1439258851635646473,链接//////
1439256081675530242,又重温了哈利波特真的好能哭我看到多比死了瞬间哭了
1439256081675530242,全世界第一爱哭本人靠
1439256081675530242,哈利波特真好看
1439243543499923457,什么转变
1439243543499923457,分身哈利波特转变成落叶归根了
1439243477544419328,哈利波特的世界進去就出不來了🤣
1439243477544419328,好好玩
1439242759982837763,原来我在这冒犯哈利波特呀
1439242759982837763,嘻嘻嘻嘻嘻嘻
1439242604021903368,今天看了两部哈利波特
1439241849479204867,那天还得和你说一声抱歉呢
1439241849479204867,无意冒犯
1439241849479204867,俺这种傻逼不适合拍照发推哎
1439241849479204867,谢谢哈利波特
1439236048391868417,三季了，怎么性爱自修室有了😅
1439236048391868417,看到这个就不想看了
1439236048391868417,拜托，又不是哈利波特，这种电视剧要什么
1439234768994852874,有玩哈利波特的吗
1439234768994852874,私我加好友一起做日常
1439231020193107974,哈利波特🤔你是哪一學院呢
1439229661523824640,還不錯，因為是魔法世界所有玩法很多樣，有攻略森林，還有玩家巫師對戰，學院舞會節奏遊戲，跟問答跟哈利波特系列的內容，占卜學等等
1439229531676504073,噢那個什麼ㄝ我的哈利波特///
1439224058558566404,环球影城之哈利波特现场还见到你
1439219499668963336,哈利波特廣告再出來我就要去玩ㄌ哦警告
1439216257677496320,哈利波特魔法覺醒好好玩很多樣化欸喜歡
1439213156841177090,"""自由潜水开学季，聊聊我们的哈利·波特阅读史跳岛""///"
1439208363619848196,哈利波特真的好好看又在重溫
1439197578373959689,哈利波特嗎
1439194830131761158,同性戀必經哈利波特不要亂講
1439190044091162626,最近蠻沉迷哈利波特手遊的🤭❤️✨
1439190044091162626,系統預設頭貼沒有綠頭髮😔
1439190044091162626,本來想說要跟官方反應一下
1439190044091162626,後來發現可以自己上傳照片🧐
1439190044091162626,立馬畫了一張👀
1439190044091162626,是不是很沒有違和感呀😁
1439190044091162626,很像官方的對吧😎
1439190044091162626,快誇我快誇我
1439190044091162626,另外宣傳一下我們社團缺人🤗✨
1439190044091162626,歡迎///
1439189783675162626,遊戲收緊審批內容月曾打回頭，預防未成年成癮喪屍主題懸了彭博，審查，哈利波特魔法覺醒，敏感詞，網易，騰訊，耽美，廣電總局，國家新聞出版總署，主題，張藝謀，娛樂圈，電影文昌講政經///
1439176204347600896,😭🥺
1439176204347600896,最近在玩哈利波特魔法覺醒，每次打開遊戲都好懷念去環球的時候
1439176204347600896,這///
1439174652417298432,魔宠传奇哈利波特主题元宇宙，将会带领全世界哈利波特，魔法学院的支持者们一起在霍格沃兹魔法学院冒险
1439174652417298432,游戏收益产出卡牌质押加入我///
1439173197618814987,各位哈利波特可以把施咒語的語音改成自己ㄉ聲音
1439173197618814987,可以讓對方笑場
1439173197618814987,我笑到肚子超痛///
1439170368711770121,哈利波特么
1439168423146123264,玩了一整天的魔法覺醒
1439168423146123264,好愛魔法世界❤️
1439165674895466496,_我不玩哈利波特和第五，就光遇我也没少氪，今年往里扔了两三千了吧
1439164738131402753,_我现在哈利波特，光遇，第五三个游戏一起氪金，我快疯了
1439160075516481548,哈利波特·学院印象曲系列霍格沃兹///來自
1439160075516481548,這個好厲害裡面畫的都是魔法覺醒的角色ㄟ應該是內測時做的，好新
1439160075516481548,又是被赫夫帕夫可愛到起雞皮疙瘩的一天🌞
1439160018813612037,鬱金香朋友應該是在說哈利波特手遊吧
1439160018813612037,不知道他最近到底是有什麼毛病，之前在那邊笑高端，我才覺得他看抖音看到被統戰了
1439160018813612037,好想說些什麼酸到他沒辦法回嘴///
1439159172558307331,_窩哈利波特看完了現在在追怪獸第二集
1439158634655539202,哈利波特手游元礼盒被指虚假宣传，官方致歉对已购买的玩家进行补偿
1439158634655539202,///
1439157713594839046,_哈利波特好耗電
1439156760036605956,___窩在看哈利波特第四集
1439156130148724741,躲过了王者荣耀，躲过了光遇，竟然没有躲过哈利波特
1439156081947598854,網飛沒有哈利波特真的很不方便☹️☹️😢
1439152007013703683,蘇哈利波特確實該下台了，時間都記不清楚
1439150267585470472,魔宠传奇哈利波特主题元宇宙，将会带领全世界哈利波特，魔法学院的支持者们一起在霍格沃兹魔法学院冒险
1439150267585470472,游戏收益产出卡牌质押加入我///
1439134158563856385,哈利波特我真的玩不下去了，實在太複雜了，雖然美術方面真的很優秀🥺
1439131290796650501,因為玩了哈利波特手遊
1439131290796650501,很多卡牌有怪獸與牠們的產地的怪獸
1439131290796650501,於是花了點時間來看
1439131290796650501,發現這部真的特好看
1439131290796650501,一點也不輸哈利波特
1439131290796650501,再找時間看第二集///
1439127690351570950,哈利波特好玩嗎･᷄ὢ･᷅
1439124156767891459,其實，
1439124156767891459,連哈利波特都有了，
1439124156767891459,雖然，
1439124156767891459,現況不容許
1439117603356614658,疫情前顏色多款式多樣還有蕾絲款
1439117603356614658,疫情後出更多款式，聯名更多哈利波特金馬影展奧運
1439107484652736512,魔宠传奇哈利波特主题元宇宙，将会带领全世界哈利波特，魔法学院的支持者们一起在霍格沃兹魔法学院冒险
1439107484652736512,游戏收益产出卡牌质押加入我///
1439105113323311106,被年轻人看着打会哈利波特
1439105113323311106,发现给的卡牌一张都没领
1439105113323311106,发现都没升级
1439105113323311106,难怪打不过🙃
1439104074465513478,这要是哈利波特的不得整起飞了
1439104074465513478,///
1439101390635241472,_我一天有/時間都在哈利波特
1439089744986599424,哈利波特根本時間小偷遊戲只要打開就是一小時不見
1439088467032494083,邊吃飯邊看哈利波特吃完我要倒頭就睡起來再看要忙什麼晚上開會
1439087778520715267,哈利波特那個手遊的美術設計好漂亮
1439087778520715267,連不怎麼玩遊戲的ㄖㄐ都去玩了還說很好玩
1439080508424556545,可以的
1439080508424556545,分别是死亡幻觉怪物史瑞克天使爱美丽哈利波特与魔法石和儿子的房间
1439080508424556545,这个清单源自油管频道///，我的老师只是评论而已，里面还有其他年份的电影总结
1439080024972222465,最近偷偷在锤哈利波特手游
1439080024972222465,跳舞很难
1439080024972222465,锤禁林也很难😔///
1439077261274062848,_就是一個哈利波特的手機遊戲
1439077261274062848,遊戲方式還蠻多元的🥺
1439058952642121731,簡德拉科馬爾福
1439058952642121731,繁跩哥馬份
1439058952642121731,所以綴歌到底是誰
1439058952642121731,我沒辦法和新生代的小朋友對話了
1439058952642121731,生長在哈利波特宮崎駿時代的兒童表示請勿毀壞我們美好的童年
1439058952642121731,"這是只屬於我們的年代,去玩你們的米奇妙妙屋和歐膩好嗎"
1439046115039449090,完整电影浪漫惊悚马利克·巴恩哈特斯塔莱塔·杜波依斯奥马尔·古丁𝐇𝐃//////
1439044323601903617,當時不懂哈利波特那款遊戲有什麼好玩的，結果看大家都玩，看到內容物後也好想玩牙白
1439028239851130880,每天疯狂哈利波特，果然还是有情怀的
1439026855244283904,哈利波特烦恼
1439021462128521219,哈利波特烦恼///
1439017322253930499,哭啊看完哈利波特ㄌ彷彿第一次看
1439016378229354496,第二個夢很奇怪，我好像在去一個特殊的學校的路上
1439016378229354496,周圍有很多其他的好像也是去報導的學生，有點像哈利波特那種特別學校
1439016378229354496,不記得是什麼學校了，好像和神學有關，然後我看見自己坐的不知道是火車還是巴士，開過了一個門半開著的地方，然後我不記得///
1438967057186373635,哈利波特是黑毛眼镜仔，但是我整部作品里面喜欢的却不是他
1438967057186373635,为什么呢
1438967057186373635,因为他戴的是圆眼镜
1438967057186373635,我不接受
1438962753633456131,玩哈利波特后，今天是我睡得最早的一天
1438962753633456131,现在时间
1438944518217158663,哈利波特手游气得我打错字
1438940988823670785,我一直没有认清我是个终极非酋的事实直到玩哈利波特手续
1438940988823670785,氪了两百块来抽卡就一张金卡满送的这合理吗🙂
1438937842701398016,哈利波特双打为了等牛牛我几乎没怎么打过
1438937842701398016,刚才带他打真的是在虐菜
1438937842701398016,就是我架个盾让牛牛呆在盾里别动
1438937842701398016,然后我自己出去一个打两个
1438937842701398016,就赢了
1438936929039437831,哈利波特
1438936929039437831,感覺金碩珍會在上符咒學的時候
1438936929039437831,很嚴肅的拿著魔法棒對閔玧其用超快的速度念一句咒語
1438936929039437831,然後在閔玧其耳邊問
1438936929039437831,🐹你知道我剛剛念了什麼咒嗎
1438936929039437831,🐱我怎麼知道
1438936929039437831,🐹你不知道
1438936929039437831,我也不知道欸
1438936929039437831,🐱幹
1438931314472718337,哈利波特一款魔法音遊戲
1438930848062050306,收个哈利波特奴帮我打宝箱我老想不起来呜呜呜呜箱子都浪费了学年任务也没做社团活动也没做其实是想找老婆
1438920047523610631,哈利波特西弗勒斯·沈腾·斯内普
1438919777821642752,最近沉迷哈利波特
1438919777821642752,无心拍色图
1438919610841976832,我觉得哈利波特还是蛮好玩的，在我空虚难过的时候可以麻痹一下自己
1438917016371425286,所以哈利波特斯内普的缩写叫啥🤧我现在嗑得想死，就是很想看斯内普狠狠地被压就是说，水懂🤧🤧🤧🤧水懂
1438916017724346378,有沒有推薦的哈利波特社團可以參加
1438916017724346378,求收留🥺🥺🥺
1438912083983142914,魔宠传奇哈利波特主题元宇宙，将会带领全世界哈利波特，魔法学院的支持者们一起在霍格沃兹魔法学院冒险
1438912083983142914,游戏收益产出卡牌质押加入我///
1438910567352127489,本来约了哈利波特那个手游的，但是实在是游戏装多了没得空间，但看网友都在骂，反而越来越在意了怎么回事
1438910567352127489,不过来古弥新快上线了，我还是忍一忍吧
1438908479830323208,呃呃呃呃，玩哈利波特磕了好多，好后悔，刹不住车了
1438908479830323208,明天打算去取书回来了，收收心吧
1438907617259130884,有人玩哈利波特吗，我今天一共拿了五张金卡
1438907617259130884,早上刷剧情拿了一张阿瓦达，晚上写作业中途抽了三张两张凤凰，一张水牢，但水牢我之前就有了，作业写完了又抽到一张厉火一直想要的卡
1438907617259130884,现在还差一张石墩我卡牌就集满了
1438907617259130884,一分钱没氪，今///
1438907472505237511,这个太长啦
1438907472505237511,嘻嘻嘻
1438907472505237511,不如说老女人是哈利波特或者小强大哥分身账号或者也可能是哈利波特是小强大哥或者老女人分身账号
1438907472505237511,行了
1438907472505237511,不说了
1438907472505237511,太长了俺也记不住
1438907366771027972,做好時間管理，顧好哈利波特也要顧好楓之谷等點社團開始之前趕快練等不是///
1438905388334665728,俺推没人看得
1438905388334665728,除了大哥就只有哈利波特和老女人会看
1438905388334665728,老女人有可能是哈利波特分身账号，哈利波特有可能是😭😭😭😭
1438905388334665728,算了不说了
1438905388334665728,说多了全是眼泪
1438905313961250816,玩哈利波特玩上癮
1438903522691411970,看最近排行榜排名最高的
1438903522691411970,就是哈利波特的遊戲了
1438903522691411970,可是我還挺猶豫要選什麼的
1438903522691411970,有人有好的推薦嗎
1438903522691411970,在線等
1438903522691411970,我是魚魚
1438903522691411970,魚魚如此貪玩///
1438900734951448576,這幾天我一定要產圖啦
1438900734951448576,但哈利波特好好玩
1438897713072852994,哈利波特魔法覺醒速速前傳說卡渾拚柳打法分享///
1438895754651652097,應該要開一個伺服器叫阿茲卡班
1438895754651652097,畢竟已經是哈利波特黑魔法覺醒了
1438895692064309252,六部曲，想像一下哈利波特七本小說都拍成八部電影了，沙丘如果要把故事說完大概也是要個七部電影，七部電影都足夠讓一個人從小學生變成大學生了
1438895692064309252,拉到這個高度去看，就會覺得今天看的只是開場，連鋪陳故事背景都很勉強的在分出時間去講世界觀與設定，用在角色刻畫的比例也同樣逼近底線
1438893346341019655,明天看哈利波特第三部
1438893346341019655,等全部看完，再开弹幕看一遍
1438889039491264518,画只猫和它合奏哈利波特主题曲
1438889039491264518,///
1438886761908686854,_可以一起看哈利波特解決😉
1438885752725651461,백현아오늘은
1438885752725651461,最近喜欢玩哈利波特
1438885752725651461,还挺好的哈哈哈只不过我什么都打不过去难过不过我相信肯定很快我就可以很厉害啦
1438885752725651461,今天你的夹到了给你看一看超级可爱
1438885752725651461,__今天也很想你爱你///
1438883288660123651,把哈利波特全系列看完了⋯好好看⋯
1438883288660123651,要來重刷集⋯
1438878902789689344,不发疯了，我要去鉴赏哈利波特了
1438875990537740292,魔宠传奇
1438875990537740292,哈利波特主题元宇宙，将会带领全世界哈利波特，魔法学院的支持者们一起在霍格沃兹魔法学院冒险
1438875990537740292,代币信息///
1438875258291777545,网易的手游哈利波特主题
1438869550427095050,_
1438869550427095050,第一學年最後一關用這招我終於打過了😆😆😆
1438869550427095050,哈利波特魔法覺醒學年挑戰章節超簡易攻略這套牌直接站樁尻到過關堯哥///來自
1438869223489486853,最近国内的哈利波特手游上线了所以想了很多设定的大家
1438869223489486853,但因为图力太低画力有限所以好难把脑洞画出来
1438869223489486853,难过的😔
1438866906446909447,開直播嗎🥲
1438866906446909447,玩哈利波特開勿擾沒收到通知啦😭
1438863940029583363,我的哈利波特真的玩得好雷，超級對不起我朋友ㅋㅋㅋㅋㅋㅋㅋㅋㅋㅋㅋㅋㅋ
1438848714680909825,不要在深夜去哈利波特决斗，会变得不幸
1438840268946509835,哈利波特嗎
1438840268946509835,可以加好友嗎
1438840222100324352,問下，哈利波特應該去雷文克勞還是葛萊芬多，當然也考慮赫夫帕夫
1438837032625721353,光遇
1438837032625721353,在遇境聽到有人在練習怎麼彈黑人抬棺材和哈利波特迷因的音樂，實在優秀
1438835857046257664,有人玩哈利波特吗能带我打蜘蛛的那种◉ω◉///
1438835246196158469,好想去英国啊今天晚饭的时候爸妈提了月去英国，不知道是不是真的呢他们说话老是只有开头
1438835246196158469,好想见米粒，好想一起吃蛋糕喝咖啡，一起去看，一起去哈利波特，一起看星星，一起把这几年的点点滴滴都讲给你听
1438835246196158469,好想老舅///
1438831599957667845,"身為一個台派終於被祖了,感到驕傲"
1438831599957667845,"雖然只有個小時,但以後會更努力辱華的🎉🎉🎉🎉🎉"
1438831599957667845,不過昨天罵哈利波特的那篇文章竟然沒事還真讓人有點失望///
1438830591776944132,从开始听成哈利波特
1438829912849141767,噢噢噢噢噢噢噢噢噢噢噢噢噢噢噢
1438829912849141767,我才发现哈利波特姨的扮演者是里面的妈妈我去好刺激我一直都没看出来啊她是怎么把和谐友爱温暖无助卑鄙每一个角色的点演的这么带入啊
1438827552554975236,被哈利波特給魔怔了
1438827552554975236,玻璃獸好可愛
1438827552554975236,哈利波特魔法覺醒
1438827552554975236,///
1438821803644706827,大家最近都在玩哈利波特
1438821803644706827,我沒玩但開學前好想喝奶油啤酒🥺🥺🥺
1438820069920763907,突然覺得我最近運氣好像不錯
1438820069920763907,通識應該算選到蠻好的害我不知道要不要兩門都修´⊙ω⊙`
1438820069920763907,然後哈利波特抽到滿多金卡但我其實不太會用😳
1438820069920763907,所以我的是不是也會抽到朴智旻小卡啦祈禱🥺🥺🥺
1438818262540701699,請問有推友的魔法覺醒社團可以加嗎
1438818262540701699,🥺
1438818262540701699,也希望能好友
1438817096008302593,同感🤣時間都被哈利波特吃掉了
1438813651020832770,"最近沉迷猪场的哈利波特新游,都没有摸鱼_з∠_不过玩的时候就在想,柑南肯定是蛇院的吧,刈稻这么接地气应该是獾獾吧,颜色还是黄,非常"
1438813236875251719,最近蠻沈迷哈利波特手遊ㄉ所以畫一張我自己
1438813236875251719,有沒有人也有玩，我們做ㄍ朋友好正式///
1438810979865821186,话说，魁地奇的那三个投球框的分是一样的吗
1438810979865821186,我投球时，都是第一眼先看到最小的那个框，所以没投过中间的那个大框😂
1438810979865821186,感觉这个游戏在我这里，应该改名叫哈利波特魁地奇觉醒😂
1438810979865821186,哈利波特魔法觉醒
1438796676223750145,__蛤蠣老師畫的哈利波特二創好讚
1438792424852103176,最近再次陷入了被邓安利了哈利波特的游戏
1438792424852103176,但是
1438792424852103176,游戏真的好好玩，好好看，的眼睛也是
1438792424852103176,突然感觉穿越回了高中
1438792424852103176,那时候还和去图书馆找了哈利波特百科全书，就为了找的照///
1438790247379136513,最近刚出的哈利波特不是评分挺高的吗
1438789895544197127,之前网易就出过哈利波特的手游，太无聊，半小时卸载
1438789895544197127,其他就玩过游戏王，真是又肝又氪
1438789201965699074,哈利波特更新如果索命咒用多了會被遊戲強制分到阿茲卡班一段時間才能出來
1438786806888099843,昨天随手看了哈利波特电影的解析
1438786806888099843,突然觉得这也太好看了吧
1438786806888099843,就很想找个时间看一下
1438786806888099843,因为我是书党所以我一部完整电影都没看过
1438786806888099843,又因为看的时候年纪太小了
1438786806888099843,所以啥也没记得
1438785281897893889,_哈利波特嗎🤣你打到哪了
1438782654610956289,我有时真的分不清甘道夫魔戒和邓布利多哈利波特的区别
1438773530938671106,就拿最近的舉例就好了
1438773530938671106,第五人格公司製作的哈利波特遊戲前幾天才被爆出來需要身分證紀錄聲紋才能登入，但還是一堆人覺得無所謂
1438773530938671106,對年輕人有信心
1438773530938671106,我自己年輕人都對年輕人沒信心了///
1438772492747751431,請問為什麼哈利波特不能更新
1438771788767383552,當大家都在玩哈利波特的時候
1438771788767383552,它是中國代理的哦
1438769789686534154,这是哈利波特魔法觉醒吗
1438764376874373124,所以哈利王子不姓波特準備當老婆背後的男人了
1438764376874373124,你認真嗎
1438764376874373124,你認真嗎
1438764376874373124,你認真嗎
1438763282572009473,吼吼看
1438763282572009473,想去看哈利波特了没看过感觉全网都看过🥲
1438753904850706435,附带一提，昨天在开封菜吃饭，听到一桌吃饭的小孩儿聊游戏，就认为哈利波特的游戏是在蹭最近环球影城开业的热点
1438753904850706435,原来小孩子是这样看的
1438746669185572865,魔宠传奇哈利波特主题元宇宙，将会带领全世界哈利波特，魔法学院的支持者们一起在霍格沃兹魔法学院冒险
1438746669185572865,游戏收益产出卡牌质押加入我///
1438745412655935493,哈利波特从书开始到游戏割的都是同一茬韭菜
1438744697451671554,算了，反正噗浪看似極綠，玩魔法覺醒的人還不是一堆，笑^^扯遠了
1438744211738673160,我也不知道怎麼解釋ㄟ
1438744211738673160,就把既有角色投入到其他世界觀中ㄅ
1438744211738673160,還有哈利波特之類的這種
1438743898600329228,哈利波特的魔法卡決鬥太好玩了吧🥲幹還醒著
1438739969896431623,_唉，我跟你说，就这件事，给我留下了不可磨灭的阴影
1438739969896431623,后来看到哈利波特的书籍，我就会想起那件伤心事😂😂
1438735805724315653,哈利波特廣告⋯也路過拍一下⋯
1438735805724315653,⋯剛好是自己被分的學院
1438735805724315653,我蠻喜歡分類帽自動分類的
1438735805724315653,但是準到有點想小小的嫌棄一下⋯⋯///
1438733837035393027,猪场哈利波特还挺好玩，批瘾都被压下去了，想去洗顺便看哈利波特了，有没有妹陀约一下长沙
1438733024724619264,哈哈哈哈哈这个伏地魔怎么这么好笑哈利波特///
1438729222223130630,我看了好幾年的蜘蛛人，所以我也會噴蜘蛛絲，我看了好幾年的哈利波特，所以我也會使用魔法~如果會我第一個把藍白粉共產黨全部變不見🤣🤣🤣
1438726698388832256,哈利波特手游，我下载玩了一周就卸载了
1438726698388832256,说实话挺好玩的，但是充钱的地方太多了，恶心人///
1438724875699503112,國立大台
1438724875699503112,第集七叔笑談戀愛不是請客吃飯浪漫轟烈戀愛一萬年太慢/橫山由依畢業肯試才有出路/戀泥星期四突出的分模線/哈利波特魔法覺醒被揭網易出品，呼籲杯葛///
1438723359160758273,不要玩哈利波特会变得不幸
1438723359160758273,在离首席差一个段位的地方卡了三天了微笑
1438712205923348489,我忍不住在哈利波特上面創社了，歡迎新人加入喔
1438712205923348489,哈利波特魔法覺醒哈利波特魔法觉醒
1438712205923348489,腦袋裡的怪獸
1438709807221907460,尋找派發巧克力蛙的攻略，希望幫到各位新巫師啦😊
1438709807221907460,哈利波特教學哈利波特魔法覺醒
1438709807221907460,哈利波特魔法覺醒尋找派發巧克力蛙的︳///
1438709728108945412,晉升為寶貝🥳在想這個值得紀念的日子要不要來買哈利波特聯名的犀牛盾其實就是找藉口想買個東西啦🤩///
1438709214247981064,是的，最近这俩哈利波特和指环王，基本都是全网骂
1438708119152988163,賭徒你哈利波特選哪個學院
1438707252471365635,年，哈利波特与死亡圣器在教育部统编的语文七年级教材里，被列为推荐阅读书目
1438707252471365635,人民文学出版社专门出版了一个特别的部编版，封面很酷
1438707252471365635,无用但有趣的冷知识///
1438706837990166530,_不过呢，过了没多久，我们又期中考试了，然后我没考好，我妈就把全部责任推给了那几本哈利波特，当着我的面，把书撕了个稀巴烂，艹我的心也被撕碎了
1438706599388848129,_那也很棒呀
1438706599388848129,哈利波特我是上初中一年级的时候，我妈为了奖励我月考考了班级第五名，从邮局给我买的，当时买书啥的还都流行从邮局汇款那样呢
1438706599388848129,当时只出到第三部吧，就给我买了前三部
1438706599388848129,我喜欢的快疯了
1438706599388848129,真的是我活了十三年看过的最好看的书
1438706599388848129,其他人碰都不能碰
1438704523791454212,好多人都在玩呀可惜我对哈利波特没有信仰
1438703797140967424,玩哈利波特，选学院喊男的跟我一起鹰院，我说还能做室友同居，他哎呀，还是算了，现在同居感觉还有点早吧
1438701978792521733,哈利波特这个游戏我嫌它太复杂了不想玩可是删掉它又觉得不好意思只好把它留在那里以证明自己是哈利波特忠实粉丝
1438695746052624385,但不得不说网易的营销还是可以的每次新游戏淘宝游戏类目排名都是前排就这两天的哈利波特工作室刷号都赚了很多钱
1438693012427587584,你说的对😆不过每个人的童年都是不一样的~🤣
1438693012427587584,我也觉得没看过哈利波特挺遗憾，但是现在已经没有兴趣去看了
1438693012427587584,🥶
1438691430860427268,_咦有点惊讶😲
1438691430860427268,因为我觉得哈利波特覆盖面挺广的
1438687625129312259,正在思考要不要自己辦一個哈利波特的社團_´ཀ`∠_
1438681603106959369,对啊
1438681603106959369,那个好像也挺火
1438681603106959369,可惜我对哈利波特本身就没什么兴趣
1438681603106959369,没看过那个电影~🤣
1438680443289698304,_结果现在我的伙伴们都在玩儿哈利波特了，我跟风也去玩儿
1438677828480868352,每天的梦都很奇怪，⌯꒪꒫꒪ु⁾⁾
1438677828480868352,另外哈利波特的游戏，希望我不会被送到阿兹卡班
1438670424531890178,哈利波特的舞会让我有一种和好姐妹们去他们都纷纷被菜搭讪带走只留我一人在角落尴尬玩手机的即视感，好痛苦
1438658412548485121,最近沉迷哈利波特影响学习
1438658412548485121,救命
1438658412548485121,负能量黑洞
1438656624600616964,坐地铁已经看到两个小姐姐在玩哈利波特了可是真的不太行啊
1438656331808837632,遊戲名稱是哈利波特魔法覺醒
1438604755547262984,我最終還是玩了哈利波特什麼覺醒
1438604755547262984,不知道什麼時候膩就是了
1438572564801064961,哈利波特魔法觉醒，满足了我对哈利波特游戏的绝大多数幻想
1438572564801064961,真好玩
1438571999022895133,小时候我就不敢相信有人没看过魔戒和哈利波特，就像有人没吃过麦当劳一样震惊
1438571999022895133,现在觉得，真的好可惜
1438565392251711488,_哈利波特是什麼東西😇
1438565288803373061,_з∠_用哈利波特魔法觉醒的学年记录成了画册，还挺好看，最后一张中秋节放出///
1438562697696530433,_哈利波特沒有梯子重要
1438561043337265153,睡不著，剛剛解了哈利波特的每日，明天還得早起
1438561043337265153,不管玩網易還是米哈游的中國遊戲，都不好意思跟身邊的人說，不過我個人倒不會對與中國來往有多麼大的反感，因為徹底切割是不可能的吧
1438561043337265153,坦白講，身為業界人還是會想看看別人家的大雜燴為什麼可以這麼成功
1438558928686649344,_唉今天被綁架到都沒時間玩哈利波特了🥲🥲
1438558928686649344,但我好幸福😇
1438558623370649606,昨天跟朋友去看電影，被推薦下載了哈利波特手遊來玩，結果忙到今天連角色都還沒創好🤧
1438558623370649606,邊工作邊想我要去哪個學院才好呢雷文克勞很棒但代表動物卻是老鷹💔
1438555919323832360,哈利波特魔法觉醒一整个项目都非常成功，人家一整个完成度就在哪里，光靠酸是无法撼动销售榜的
1438552075235827718,哈利波特魔法觉醒又名黑魔法觉醒，阿瓦达啃大瓜我越用越开心希望下次能抽中少爷///
1438550013685080067,看哈利波特可以撩我哦😏
1438548085072826368,生于年，哈利波特是我目前唯一完整看完的英文书，你的推文让我回忆起书中的有关场景，谢谢
1438545497040424960,唉光看大家講排就覺得好好，尤其不知道最近哈利波特不知道為什麼好像又熱起來，就很欣慰而且好好看老人嗎
1438545317809455104,最近迷上玩哈利波特
1438545317809455104,///
1438545138867863553,為什麼我玩哈利波特看不到其他活人
1438545138867863553,是我下載錯遊戲了嗎
1438545108304109569,来打哈利波特
1438545108304109569,我双排首席
1438541512103501827,玩哈利波特看到一個叫碩珍尼，希望有人出來自首
1438539690504716290,北信介在哈利波特到底會在哪個學院
1438539690504716290,哪個啊
1438539690504716290,求解
1438527117331877888,講到哈利波特
1438527117331877888,正常動漫迷思考推是哪個學院/魁地奇打什麼位置
1438527117331877888,我靠我要看高中生北七賣隱形斗篷🥳🥳🥳
1438527117331877888,而且黑尾小朋友老油條他寫的是哈利波持不是波特他沒有騙人喔
1438524944254586889,打哈利波特打到差點忘了😅
1438524944254586889,今天赫海錄認哥了耶耶李東海的粉毛也公開了讚
1438524944254586889,不過今天還是沒有關於回歸的物料🥲
1438524944254586889,預告照什麼時候能放
1438524944254586889,李東海的粉毛肯定挺不到十月底
1438524944254586889,所以到底為什麼這麼久嗚嗚
1438524944254586889,順便許願他們能///
1438519498420539405,___看哈利波特熱舞
1438516412952104965,大家都在玩哈利波特了我還在二之國
1438514668750864394,最近好像好火哈利波特哈哈哈哈
1438514668750864394,突然也好想玩玩看ㄟ
1438512910473433089,影响学习的三大因素
1438512910473433089,游戏
1438512910473433089,游戏
1438512910473433089,还是游戏
1438512910473433089,天天肝哈利波特让我想起了当年肝痒痒鼠的昏暗时光///
1438511609916260355,游戏，哈利波特魔法觉醒
1438510469203910657,歡迎大家跟我一起玩哈利波特越獄風雲
1438507450181640197,你要说我是伏地魔那是不合适的应该是善良版的伏地魔还有一个比伏地魔还要坏的版本那就是老习了你觉得这种人会放过我吗这里可没有哈利波特
1438507450181640197,//////
1438505302807113733,哈利波特居然说是你们是真爱😭😭😭
1438505302807113733,怎么变成这样
1438498373368049668,本來想說看完哈利波特來看魔戒
1438498373368049668,結果一部曲就快個小時
1438498373368049668,抱歉先不要
1438493974142984193,不想玩哈利波特了
1438493974142984193,卸载了
1438492646524080132,勵志在哈利波特魔法世界裡成為世紀舞姬
1438492646524080132,魔法打架什麼的是野蠻人在做ㄉ
1438492219854315528,拜游戏所赐，最近看了不少关于哈利波特的剪辑，我又开始觊觎十六岁的德拉科了😫
1438492219854315528,这世界上年轻又好看的男的没一个是我的
1438488751781543937,哈哈哈哈哈哈哈哈哈
1438488751781543937,今天他在公司要測試家用，最近他在玩哈利波特，每天九點有社團活動，因為他今天測試沒辦法玩，手機設鬧鐘請工作人員幫忙打好好笑
1438488751781543937,我會剪的
1438486586379755522,太好了
1438486586379755522,我也在恶补哈利波特
1438486528515194883,一个八百年不看哈利波特的人，一眼看中了伏地魔的棍儿，我觉得，命中注定就是，总之反而就是
1438486528515194883,///
1438486066671939592,明天要跟朋友们去看哈利波特展，她们下午来我家帮我恶补到第三部，刚刚离开我家
1438486066671939592,我们三人约好明天一起穿黑色的衣服，还会给我带伏地魔的魔法棒
1438486066671939592,太棒了
1438486066671939592,于是我现在正在家里，开心地翻找明天要穿的衣服¯︶¯///
1438484216316973061,突然想到，哈利波特舞會是雙人榜單，與其跟同一個人跳得拼死拼活，我是不是去找排行榜上的前幾名跳舞好像比較實際欸，這樣我的名字就會充斥整套榜單了走火入魔
1438480097187545096,"我在哈利波特裏的守護神是馬,快來測測你的吧"
1438480097187545096,///哈利波特守護神測試
1438479520466489348,哈利波特是什么人间疾苦，为什么所有人都有金卡就我没有
1438478451959160843,有玩哈利波特魔法觉醒的吗///
1438473155081752576,話音剛落，光芒緩緩綻放，眼前的光景究竟是
1438473155081752576,最近玩了手遊哈利波特魔法覺醒無論現實跟遊戲，小塯都努力的學習巫術呢
1438473155081752576,欸你
1438473155081752576,委託持續開放中
1438473155081752576,歡迎來找我委託
1438473155081752576,提出預算與需求討論///
1438469999841189889,"是日主要話題,有啱傾過黎傾下"
1438469999841189889,傾計大廳
1438469999841189889,回憶搭訕內容
1438469999841189889,電影劇集
1438469999841189889,中佬之浪漫
1438469999841189889,中三位妹妹隻眼係點構造
1438469999841189889,講飲講食
1438469999841189889,中秋節晒///
1438464802511151104,放學後的快樂來源哈利波特魔法覺醒
1438460351536775174,這幾天都在肝哈利波特，好不容易從紙片人的坑爬出來，感覺又要掉進另一個坑裡了￣□￣
1438460351536775174,我比較喜歡玩單機遊戲，不喜歡組隊決鬥或是要跟其他玩家有交流的遊戲
1438460351536775174,抽到這二張應該算是運氣不錯吧⋯⋯///
1438451106267508742,嗯嗯那个塔是我读的塔楼，跟哈利波特里面的天文塔一样窄窄的旋转楼梯，很酷
1438447606208757761,食死人殺了很多人，所以哈利波特算不算有描寫暴力🤔
1438446717108506624,把我裱框ㄇ👀✨
1438446717108506624,我可以像是哈利波特裡面的畫像人物一樣每天跟你講垃圾話喔欸
1438443915942588420,妹想到哈利波特也会变成抽卡游戏，网易还要搞魔戒，有没有老板做个慈善来搞一搞网易
1438441398034857987,哈利波特和妙麗都有了
1438441398034857987,差榮恩而已但好像還沒有這張卡///
1438440739885641730,昨天玩哈利波特遊戲裡面的魁地奇
1438440739885641730,結果遇到頭貼是丁輝人的木木哈哈哈哈
1438440739885641730,還以為是
1438440739885641730,結果不是這位木木到底是誰啦///
1438440094109560849,天翼之链韩服学院周年庆的广告，刚开始我还没反应过来，我以为我乱入哈利波特去了噗•̀ω•́///
1438437617712844802,哈利波特年龄跨度很大啊
1438437617712844802,纳尼亚传奇看了
1438429142605729796,_有哈利波特很好欸
1438429142605729796,大叫
1438429142605729796,這張超好用ㅠㅠ
1438421526320062469,欸不是哈利波特好燒腦喔
1438421526320062469,我還是玩點廢物手遊好了
1438419092512198659,游戏哈利波特魔法觉醒，你试玩了吗
1438419092512198659,感觉怎么样
1438419092512198659,///
1438419018482864131,哈利波特乔装成了一个记者，准备偷袭伏地魔
1438419018482864131,哈利波特您好，我是一名记者
1438419018482864131,伏地魔
1438419018482864131,哈利波特没想到我隐藏的这么好，还是被你发现了
1438417218816020482,哈利波特不錯玩噢噢噢
1438417218816020482,單女人妻約會硬梆梆三小時三次///
1438413255093882884,神经病一样的团建日而且还是哈利波特主题😡😡😡我选择斯内普，唉，只想明天早点结束回家打😒😒😒///
1438408041901166595,真的会因为一个人连哈利波特也不喜欢了
1438408041901166595,看到就烦哎
1438407961831886848,实在搞不懂哈利波特和金妮的感情线
1438406520799068164,聲明來我家的朋友在玩哈利波特
1438406520799068164,視訊的朋友實際上在上課，我沒有那麼爛人咱們不是第一次各幹各的了
1438402399891177473,哈利波特完了一周就卸了，对上氪佬根本没有游戏体验
1438395114959904770,_新游戏哈利波特
1438393980190818306,最近在肝哈利波特，昨晚上做梦都在啃大瓜
1438390315887431680,前幾天網易出的哈利波特狗都不玩
1438390315887431680,幾天后阿瓦達啃大瓜
1438389688541368325,华纳正式推出哈利·波特知识问答节目哈利·波特霍格沃茨学院争霸赛，由海伦·莉迪亚·米尔伦主持
1438389688541368325,//////
1438385633148297216,比較想加入雷文克勞或赫夫帕夫
1438385633148297216,剛剛別的單位的同事跑來跟我們單位的同事交流一下哈利波特，我順便問了他是哪個學院的，他說他是雷文克勞
1438385633148297216,他選雷文克勞的理由衣服好看
1438385633148297216,欸
1438384983412985856,这几天一直在打哈利波特捏马累死我了
1438377341105803270,来来打哈利波特你不要
1438375613711077377,哈利波特打到首席有個好處
1438375613711077377,他那個西洋棋盤場地好漂亮我好愛🥺
1438375275994107904,午休时间玩儿哈利波特真是气死双人决斗匹配的玩家手里的魔杖就是根木棍永远都是近身肉搏冲啥啊你冲
1438369878822457347,不知道是不是年紀大了，覺得哈利波特手遊讓眼睛好累，就刪了😔
1438364263542767617,只能說哈利波特的手遊
1438364263542767617,玩的是懷舊，氪的是回憶
1438361372597755906,同事最近迷上玩哈利波特的手遊
1438361372597755906,我其實也滿感興趣的，這幾天有問身邊有沒有朋友玩，最有可能玩的朋友也因為它是網易的遊戲而放棄網易氪金
1438361372597755906,然後剛剛同事跟我說他氪金了，我
1438361372597755906,未免也太快
1438361372597755906,這遊戲不是正式上線才一星期左右嗎
1438361372597755906,同事現在買學院禮包送一隻玻璃獸啊😂😂😂
1438361114618650624,哈利波特的遊戲真的太精緻了⋯
1438361114618650624,咒語書的互動原始角色還原得也很像
1438361114618650624,對粉絲來說真的玩得很快樂😻
1438361114618650624,可是我還是不太會玩手遊就是ㄌ
1438360019246874630,如果有朋朋玩哈利波特手遊的話，我是史萊哲林的，請當我的室友好嗎
1438357113483370496,昨天忙著上課事實是玩哈利波特感覺好久沒滑推ㄌ喔ฅ'ω'ฅ
1438349972575903745,是說現在河道出現哈利波特都是有玩那個手遊的
1438349972575903745,想鎖關鍵字了
1438349972575903745,但漏掉文怎麼辦
1438344924529717249,夜晚的巴士我只想起哈利波特的騎士公車，尤其是飆起來的時候😂
1438343468263247872,童年时的经历都是宝贵的
1438343468263247872,从小就听说这句话，但没人给我解释为什么
1438343468263247872,五岁之前，每一年的经历，都占整个人生的五分之一，每一个认知都是新奇有趣，值得反复思索的
1438343468263247872,童年遇到的新东西，都有足够的时间反复咀嚼
1438343468263247872,你看的每一本哈利波特，每一部宫崎骏，都是贯穿整个人生的震撼
1438338975345758209,江南的龙族，号称中国版的哈利波特，我也觉得挺好看
1438331324268380161,魔宠传奇哈利波特主题元宇宙，将会带领全世界哈利波特，魔法学院的支持者们一起在霍格沃兹魔法学院冒险
1438331324268380161,游戏收益产出卡牌质押加入我///
1438326809528094721,看了一眼推油们推荐的瞬间感觉自己小时候看的小说好幼稚哈哈哈哈哈
1438326809528094721,我当时跟哈利波特一起看的都是什么冒险小虎队淘气包马小跳啥的///
1438323635131875328,大家早~~
1438323635131875328,哈利波特魔法覺醒真的是時間小偷
1438323635131875328,有沒有朋朋也有玩
1438323635131875328,我們加個好友
1438321324347183111,哈利波特招室友啦///
1438316748294410240,本特别迷哈利波特的中年人，很喜欢阿西莫夫的银河帝国机器人系列，然后亚当斯道格拉斯的都可以看，他是英国冷幽默，以银河系漫游指南为代表
1438316748294410240,然后一些科普入门读物也合适的
1438312664090828801,今天也走了分鐘，回去國中的母校，上坡路段真的是夭壽，下坡路段輕鬆很多，但感覺運動量比較少還是不要太貪心，先持之以恆比較重要
1438312664090828801,最近很瘋哈利波特，遊戲都會有蒐集目標，例如參加活動三次，十次，五十次會各有獎勵
1438312664090828801,感覺我的運動也可以設個目標獎勵才對
1438312664090828801,不先不求體重求次數
1438308622107230208,👾中國哈利波特手遊不能取台灣，網友出招反制
1438308622107230208,🤔志祺七七///來自
1438302510469373952,其實很想把哈利波特的禁詞貼到限時罵
1438302510469373952,可是友列真的好多人玩哦
1438302510469373952,破壞別人的興致不是我的本意😔
1438287766761115650,感觉自己就是一阵一阵，前一阵子特别沉迷塞尔达，之后有一段时间一直在许墨许墨
1438287766761115650,然后过了劲儿以后又开始玩光遇
1438287766761115650,现在又回到哈利波特了
1438287766761115650,反正反反复复喜欢的就这么几个东西，就是一阵一阵的¥
1438278027436298241,看完哈利波特部剧情|魔法冒险永不停息|经典电影推荐|哈利罗恩赫敏再陪我们成长一次///来自
1438278027436298241,陪伴我们一代成长的魔法故事，这些镌刻在记忆中的故事是否留存在你///
1438269167426326534,哈利波特可以试试
1438229998796607488,看了哈利波特魔法石
1438229998796607488,以前覺得超精采的但現在看就抓到很多
1438229998796607488,巫師棋那裡有夠帥，以前印象很深刻，現在看起來就有點像硬插的劇情
1438229998796607488,但哈利波特的真的做的好厲害喔以那個年代來說超神的欸
1438229998796607488,石內卜的舉動太///
1438222636048207873,我不该在睡前打开哈利波特
1438222636048207873,总共就三张金卡氪了十发给了两张重复的
1438222636048207873,不愿再氪///
1438208734728126466,該打哈利波特了吧🧐
1438207911558221824,/霍格沃茨在线施展魔法🪄
1438207911558221824,北京环球影城北京环球哈利波特///复制此链接，打开音搜索，直接观看视频
1438207911558221824,///
1438201468419403780,我见到哈利波特了之前其实见过///
1438199975297622017,沉迷哈利波特卡牌游戏真他娘的好玩
1438197310580662272,玩哈利波特玩到走火入魔了都忘記今天是禮拜三有勾引可以看😪嚴格來說是昨天
1438192565879119872,哈利波特魔法覺醒校園巫師決鬥索命流好好玩///
1438192517397114881,终于让我闺蜜入坑哈利波特了
1438192517397114881,下一步得找个方法让她嗑德哈///
1438189250290208768,我有没有说过其实我算半个鱼叉人
1438189250290208768,总之做了哈利波特的饭饭///
1438187782040526848,乾我每天差不多都玩哈利波特五小時欸
1438183394530115591,_是但他沒有很長活在推特上他活在哈利波特的空間
1438180063518748678,«哈利波特»的愛情部分真的母湯
1438180063518748678,我超不喜歡●´⌓`●
1438179696772927490,然后他在车上对我说的是打哈利波特吗
1438179696772927490,他妈的又没哄我
1438175932166987776,我可太喜欢哈利波特了
1438173036327292929,我也覺得誇張醒來就是在哈利波特
1438164951517040648,看哈利波特吗
1438162800866512896,救命我玩哈利波特玩到忘我🆘///
1438162668116844548,我小学迷玩哈利波特初中就开始迷暮光之城
1438160740095954952,复制到的哈利波特
1438160740095954952,虽然这张卡我觉得真没用///
1438160377892642820,哈利波特中毒餒///
1438159224895270914,看哈利波特与密室又哭了，想到多比🥲我还要为这个系列流多少眼泪😭😭给我来个吧
1438156852190015491,應該會畫制服其他怪東西
1438156852190015491,如果用一個作品代表我的青春
1438156852190015491,那就是哈利波特
1438156852190015491,⏰/四
1438156852190015491,///
1438156852190015491,♤半週年棉花糖募集中♤
1438156852190015491,//////
1438150884613967875,有些人嘴上说要画画，结果玩了一个晚上的哈利波特
1438150343594971139,最近太迷哈利波特这个游戏了
1438150343594971139,不过今天单人双人模式都上啦///
1438144710434983937,重看哈利波特覺得一堆看起來很樸素的咒語都無法回朔讓我很失望而且他們魔法世界怎麼還有膠帶用魔法ㄚ妙麗都可以直接修好玻璃裂縫了榮恩還在用膠帶黏魔杖
1438140148093374467,_非常感谢🙌
1438140148093374467,这是哈利波特🧹🧙‍♀️
1438139829892562948,急需冤大头支持我玩哈利波特哈哈哈哈哈哈
1438139829892562948,奴///
1438139243759472640,胸前ㄉ是校徽，因為學校稱呼新生叫法師之類的稱呼所以就來自肥~還被說像哈利波特
1438139223370919937,我哈利波特剩兩集可以看嗚嗚嗚
1438136185214406661,好书分享哈利·波特作者罗琳
1438136185214406661,哈利•波特是一套你真正值得期待的丛书，它曾被译为种文字在全球出版，迄今已销出万册
1438136185214406661,火爆西方世界的第一畅销书哈利•波特不仅让小朋友们爱不释手，就连大人们也为之如痴如醉///
1438135296680284160,好有趣，想畫畫看´▽
1438135296680284160,雖然我根本沒看過哈利波特
1438135296680284160,///
1438133215689003011,哈利波特創了一個男角，看二個男的跳舞就是愉悅☺️
1438131770193371151,👾中國哈利波特手遊不能取台灣，網友出招反制
1438131770193371151,🤔志祺七七///來自
1438131571450474496,凉宫春日本来就是轻小说啊
1438131571450474496,我还没看过哈利波特的电影呢😂
1438127113035403266,你的時間很寶貴
1438127113035403266,所以要一號手機打開全知讀者視角的同時，二號手機打開戰雙帕彌什，在電腦上的手機模擬器打開滿開劇團的同時，再雙開哈利波特魔法覺醒，最後打開瀏覽器看新番
1438127113035403266,已經成為日常了
1438125842983370756,哈利波特游戲裡在史萊哲林的休息室有一枚舊舊的徽章上面寫著波特臭大糞
1438120848691400705,你要说哈利波特，我只能帮你推荐凉宫春日了
1438120592570421253,求助众推友
1438120592570421253,有啥适合小学生看的书吗
1438120592570421253,特别迷哈利波特的那种小学生
1438120592570421253,要求
1438120592570421253,没有性描写
1438120592570421253,没有暴力血腥脏话毒品
1438120592570421253,求推荐
1438119169015177216,最近不想出门
1438119169015177216,和服着物着物女子
1438119169015177216,可以的话想当做哈利波特赫奇帕奇🦡的灵感装扮🌟
1438119169015177216,///
1438113445312827393,魔法覺醒好好玩
1438113445312827393,撇開其他的
1438113445312827393,他的遊戲系統至少是對我胃口的
1438113445312827393,他把走位跟卡牌結合
1438113445312827393,我覺得很不錯
1438113445312827393,這遊戲平衡也還行
1438113445312827393,只可惜是中國做的就是了
1438105602559909891,去去武器走
1438105602559909891,哈利波特魔法覺醒
1438105602559909891,沉浸式魔法世界，歐式復古繪本風，打造全新魔法體驗
1438105602559909891,收集魔法卡牌，加入刺激的巫師對決
1438105602559909891,覺醒魔法，體驗只屬於你的校園生活
1438105602559909891,///
1438104468432646148,發瘋
1438104468432646148,玩個哈利波特還要會打西洋棋
1438104468432646148,我都多久沒玩西洋棋了別這樣哦夭壽🆘
1438104468432646148,上次玩西洋棋好好像是一年前🤣🆘
1438104468432646148,問我象棋跟西洋棋哪個比較難
1438104468432646148,我覺得西洋棋非常燒腦💦///
1438100379594485767,哈利波特这厉害了
1438100379594485767,流水超原神的话，国内媒体至少对米的舆论围堵能稍微好点
1438097021097758724,环球影城适合大孩子去，我对哈利波特变形金刚又没什么感觉，估计要很久以后才去了
1438097021097758724,上海迪斯尼还是可以去的
1438096159227006976,在哈利波特里有弟弟把我的🆔放成烟花
1438096159227006976,真的还蛮会的
1438096159227006976,可惜声音不好听我立刻下头了
1438093037066809344,中国没分级制度永远也没有好游戏好影视，就因为图一这种人，还要警告喜欢用不可饶恕咒的玩家
1438093037066809344,讲道理，哈利波特用钻心咒折磨完贝拉也没进阿兹卡班啊
1438093037066809344,///
1438089907029766144,雖然很想玩哈利波特的遊戲，但是禁言那些的消息出來後，算了吧
1438089280765796354,手游玩吗最近迷哈利波特魔法觉醒
1438083356000874497,玩哈利波特玩到手麻
1438083356000874497,上次這麼沈迷手遊是什麼時候
1438083356000874497,不曉得
1438079171201155074,最重要的是魔法🪄
1438079171201155074,快來玩哈利波特跟我一起成為又白又瘦的魔法師吧欸，突然的業配
1438079171201155074,萬我也會拿去做更有意義的事情
1438078062386548739,👾中國哈利波特手遊不能取台灣，網友出招反制
1438078062386548739,🤔志祺七七///來自
1438072966248497153,哈利波特再次证明欧气离我很遥远🪄
1438072405239369736,剛剛才看完哈利波特但只看完解說而已就花了一個小時之後再一部一部慢慢看超好看的神作👏👏
1438066388468330498,辛苦了
1438066388468330498,🤣氣音哈利波特美術豪讚⋯
1438062172433571841,哈利波特該一下喔
1438059314971742214,🥺🥺拉線喏
1438059314971742214,救命我沒想到會這麼多人
1438059314971742214,畫完我就要去玩哈利波特惹
1438053875911589897,最近在重温哈利波特的电影，边看电影边看各路解析，发现读者的阅读理解是真的强，各种细节
1438053875911589897,于是开始想去翻翻原著，就像是想看看被戏剧化的故事背后的真相是什么样子，虽然原著也只是故事而已
1438053875911589897,但是想到有好多部好厚的书，就没动力去看，就想如///
1438050137826213888,但哈利波特比較好玩欸不是
1438050137826213888,之前我也是課不少🥲
1438046768361398278,_哈利波特和麻瓜传奇哈麻批
1438045172202307584,如果按照那些打游戏的人取蔑称的逻辑
1438045172202307584,明日方舟舟批
1438045172202307584,王者荣耀农批
1438045172202307584,原神原批
1438045172202307584,那么现在那帮小女孩玩的那个哈利波特魔法觉醒
1438045172202307584,应该被称为哈批
1438045172202307584,一个四川笑话
1438037655963553795,一些干货限時免費的繁體中文反安裝工具
1438037655963553795,///
1438037655963553795,哈利波特魔法覺醒每日必做件事▸無課玩家生存之道，不小心漏一個///
1438036516383592451,我想回家看哈利波特了
1438031148475555841,上班玩魔法覺醒好像還是有點太刺激
1438031148475555841,電話來了就開始亂甩卡
1438025629350330369,看卡卡和幻贺玩哈利波特笑死我了
1438025629350330369,他们好快乐
1438025629350330369,幻贺好兴奋互相打架，重拳出击
1438025629350330369,👿👿
1438024087943598080,原來好多人冇睇過哈利波特
1438019467359838210,哈利波特的製作組一定有很多推友屬性的性癖
1438016407363416064,_指的是架空設定，把角色套用到新的世界觀中，不變更角色個性
1438016407363416064,預測後續劇情也算在這個分類裡面
1438016407363416064,把角色套用到已經有的世界，像是把角色套入哈利波特的世界裡面作創作
1438016407363416064,重點是已有的設///
1438011238781358082,哈利波特魔法覺醒哈利波特魔法覺醒貼圖//////
1438008734756716546,真的只有我没看过哈利波特吗哈哈哈哈哈哈哈哈哈哈哈哈哈哈哈哈哈
1438008362705174528,_你这是哈利波特吗
1438008183004352513,手機不知道是不是在發熱的關係
1438008183004352513,導致玩哈利波特超級卡一直瘋狂延遲🤦🏻‍♀️
1438007329769721859,这啥比游戏到底是哈利波特还是僵尸围城啊😡///
1438007206281158656,老肖和哈利波特还真像😂///
1438005690442784769,噗浪剛好最近在講網易哈利波特的問題這邊就出了魔法學校活動太剛好ㄌ
1438005313249026048,小朋友间的友谊真是童真而美好愉快
1438005313249026048,清宝一直幻想能进哈利波特里面的霍格沃滋学院，然后妞妞妹妹就从达拉斯给她寄了一封信过来，信的内容是模仿学院的录取通知书，哈哈，看着好可爱😄///
1438001479118323719,哈利波特在家吗
1438001479118323719,///
1437998637653450756,吃飯配哈利波特
1437998637653450756,還有上個月買回來一直沒喝的酒///
1437997980825505792,觉得哈利波特玩法有趣的可以去玩玩皇室战争
1437997980825505792,至于哈利波特这个游戏，真的垃圾，满满的恶臭，完全的换了个的套壳游戏，吃相还那么难看
1437997980825505792,雷火的美工是真的绝没话说，一个字棒
1437997980825505792,哈利波特我玩了二十分钟立马就卸载游戏了，各种捞钱恶臭方法
1437995956578881537,最近內心ㄉ正面能量持續增加中感覺很棒這幾天除了睡覺以外都在吃東西玩遊戲重溫哈利波特小說跟朋友聊天講電話什麼都不用思考ㄉ日子真好但想到之後要面對ㄉ事還是得面對就心煩⋯好想當一隻貓但搞不好貓也有很多煩惱只是我不知道
1437994344892354565,跟大家分享每次開魔法覺醒他都會這樣跟我講
1437994344892354565,我每次都按取消但我覺得他可能有他自己的想法
1437994344892354565,這種文字敘述過多的遊戲我也不太行抓頭///
1437992619066343424,喔對了日本不能玩哈利波特那個遊戲
1437992619066343424,我現在很生氣😡😡😡
1437992619066343424,身為一個哈利波特資深腦粉不能玩是怎樣ಠ_ಠ
1437992238399692807,打魔法覺醒打的不亦樂乎
1437988465824518145,看到朋朋說過去颱風天就是把哈利波特拿出來重刷ㄉ好日子，我個人是在颱風天和期中期末各種大考剛考完時拿出來重刷ㄉ人
1437988465824518145,讓子彈飛也是電視有看到就瘋狂重刷♪´▽
1437988465824518145,然後就會被說無聊ಠ_ಠ
1437988004207812616,哈利波特，画质还可以
1437987834548277250,限動
1437987834548277250,小編今天是哈利波特咪⚡️🐱
1437987834548277250,汪始慧ส่วนผสมของมิกซ์///
1437986668766588928,我朋友如果和你打哈利波特认识的朋友和你线下见面就会发现这人怎么和她捏的角色一模一样啊哈哈哈哈
1437986668766588928,如果捏脸发色能挑染就好了
1437974765923274755,扫黑风暴全集送审版
1437974765923274755,失控玩家
1437974765923274755,重案怒火
1437974765923274755,明日之战
1437974765923274755,白蛇青蛇劫起
1437974765923274755,南巫
1437974765923274755,哈利波特部
1437974765923274755,各种最新电影资源，一部
1437974765923274755,需要的➕微❤️
1437969080489635840,真的超懶
1437969080489635840,結果我最近都在打哈利波特蛤
1437964214455373833,言归正传
1437964214455373833,好像我还是很喜欢这样自言自语
1437964214455373833,自言自语的感觉很平静，像浸在海里被淹没的感觉
1437964214455373833,说起海，我对海好像也没什么执念
1437964214455373833,但对海鲜有
1437964214455373833,讲点正事
1437964214455373833,好像也没什么正事其实
1437964214455373833,就是碎碎念很开心罢了
1437964214455373833,其实事情还是挺多的，我自己不愿动，玩哈利波特玩的倒是开心
1437964214455373833,我还蛮欧的
1437964214455373833,我是说账号
1437961668709924864,哈利波特吗
1437961668709924864,不好玩被氪佬狠狠地吊打了😢
1437960849444933632,哈利波特还蛮好玩的，可能是因为我不怎么玩这类手游
1437949068362194944,兩個在我房間打哈利波特的人類啊
1437949068362194944,吃完宵來一場哈利波特///
1437939420338933760,來啦一起肝哈利波特坑
1437939420338933760,香的
1437938356680155139,我好友都在玩魔法覺醒ㄟ頭痛
1437931019466723329,_那個哈利波特ㄉ我也有點想玩來去載ㄌ
1437928205340532743,哈利波特是狮子座，我也是狮子座，四舍五入，我就是哈利波特
1437904180820254720,今天回味哈利波特第一部，突然意识到哈利过生日那天，海格来岛上接哈利去上学，如果月开学，也就是说，哈利在生日大概一个月左右去上学了，，加上哈利的格兰芬多精神，是能拔出格兰芬多剑的人，格兰芬多是狮子，所以
1437904180820254720,真相只有一///
1437903860203286528,_哈利波特魔法覺醒
1437898667361333248,雖然哈利波特玩歸玩，
1437898667361333248,但該打的手槍還是要打的咦
1437898667361333248,///
1437870373761019904,今天遇到最扯的事情
1437870373761019904,我有朋友不知道哈利波特是什麼
1437870373761019904,我以為我們這個年紀的童年至少也會聽過如果是現在的小朋友倒是有可能🥺
1437862618442735619,哈利波特好难玩
1437853092645523457,看完這個決定把哈利波特刪掉，
1437853092645523457,雖然這個遊戲拿到很好的，
1437853092645523457,內容也製作的不錯，
1437853092645523457,但是在這自由的島嶼上，
1437853092645523457,限制言論就是一種對自由的污辱
1437853092645523457,美國人生長在自由的土地，
1437853092645523457,台灣人生長在自由的島嶼
1437853092645523457,///
1437847303545520128,我是不是唯一一個想玩哈利波特然後去下載另一個也叫哈利波特但完全不同遊戲還渾然不知的人啊
1437847303545520128,///
1437846069979672576,我最近好想把哈利波特看完，但我沒時間😟
1437846069979672576,唐可可///
1437842962826756099,大无语开哈利波特盲盒开到我最最最不想要的伏地魔///
1437840513382686722,刚才和我打哈利波特双排的是蓝鸟人吗
1437840513382686722,忘了两点停服了所以算赢了吗
1437840513382686722,气晕了要
1437840505077854210,和他聊哈利波特，我问他喜欢哪个学院，他说他原来喜欢狮院，现在喜欢獾院
1437840505077854210,我说我喜欢蛇院，他说很适合我这个天蝎座
1437840505077854210,我接着问他什么星座，他说他双鱼座
1437840505077854210,啧啧啧，双鱼座老渣男了
1437840505077854210,///
1437839724010377217,哈利波特這個遊戲再不給我金金我真的會生氣
1437839724010377217,箱子也沒有卡包也沒有甚至圖書館都快抽到保底了也沒有到底是不是在哭///
1437839721602830338,可恶
1437839721602830338,不准崩溃
1437839721602830338,快点来跟我哈利波特打牌
1437835606407761925,你们哈利波特人柳打过去了咩
1437835606407761925,😳😳😳///
1437834346153463808,在跟朋友玩哈利波特的手遊
1437834346153463808,剛入坑~超好玩^^
1437828122729013248,哈利波特是卡牌策略类游戏吗
1437827880721940480,和牛牛挂着视频打哈利波特
1437827880721940480,我在视频前脱光了
1437827880721940480,牛牛也无动于衷
1437827880721940480,因为他在认真巫师决斗
1437827880721940480,笑死
1437827880721940480,有了游戏要什么女人滑稽
1437826554059386881,梯妮流行ㄉ遊戲哈利波特
1437826554059386881,果然跟梯妮一起玩特別有默契那個連勝
1437826554059386881,對手看到應該嚇死但其實我們開麥也沒指揮ㄚ都在瞎聊就默契///
1437823171365797890,果斷待在家玩哈利波特
1437820952478289927,又不务正业地刷了一遍哈利波特的电影
1437820952478289927,原汁原味的感动，场面还是很宏大
1437820952478289927,虽然跟原著出入有点多，有时候为了剧情需要弱化了哈利的能力，也削减了很多配角的光环
1437820952478289927,但是看书的时候可以随意代入电影里的场景还是很不错的
1437818593324924932,從小可愛到大
1437818593324924932,小時候很像哈利波特ㄟ但根本沒看過抱歉///
1437817168092033025,既然最近哈利波特手游那么火，便简单介绍一下摄魂怪吧
1437817168092033025,摄魂怪是一种黑暗生物，靠吸食人类的积极情感为生
1437817168092033025,被摄魂怪袭击的人类，所有美好的感觉，快乐的回忆都会被吸走，并且会被强迫一遍遍的重温最糟糕的回忆
1437817168092033025,最后只剩下抑郁，绝望和一副活着的空壳
1437813583446888455,_哈利波特是我ㄉ童年🥺
1437810312879636480,哈利波特不同學院還是會有交集啦，上課都一起的
1437809322944184323,我要哈利波特或者妙麗啦🤣🤣
1437807561391034373,魔药学炼金术草药学魔咒学天文占卜那些在古书古画中有迹可循的不可思议传说跨越了时间，经由年那班曼彻斯特开往伦敦的火车最终变成了无数孩子的童年
1437807561391034373,靠近出口的最后一个展柜里，等间距陈列的是各国语言的哈利波特译本，一///
1437807006455193602,完蛋我真的哈利波特中毒了
1437807006455193602,昨天晚上睡覺一直想上班也在想🥲
1437806563113115649,我在跟哈利波特比賽魁地奇
1437804596521435143,身為只看過頭幾集哈利波特的麻瓜
1437804596521435143,遊戲裡的魔法史超爛都要上網找答案
1437804596521435143,結果竟然被室友🥺🥺
1437804596521435143,也太強了吧
1437804596521435143,但我竟然被遊戲疑似爆雷🤔
1437804596521435143,不小心知道會死在某個地方呢
1437803310191308802,我其實在玩哈利波特^_−−☆
1437802413042270208,下載了哈利波特
1437802413042270208,打開玩分鐘
1437802413042270208,發現是卡牌對戰
1437802413042270208,默默關掉
1437802413042270208,再也沒打開了
1437802308805353476,知道我为什么特别拥护猪吗
1437802308805353476,因为它虐蛆最狠
1437802308805353476,这个垃圾民族，需要的是永恒的痛苦和折磨
1437802308805353476,活特么该
1437802308805353476,😆😆😆
1437802308805353476,哈利波特最后一集邓布利多说过去霍格沃兹致力于帮助每一个需要帮助的人
1437802308805353476,但经历这一切后，我决定修改它
1437802308805353476,霍格沃///
1437801914448547840,哈利波特我该怎么办呢
1437801096886378499,那你还是不要去了吧
1437801096886378499,如果实在想看最后一眼，我也不知道该咋办
1437801096886378499,你还是问你大哥和哈利波特吧
1437800326334070788,属实没想到哈利波特段位分的这么细啊
1437800326334070788,气死了，玩了一个多小时打到精英四我以为就没了，我应该能上杰出了，他妈的，还有一个精英五
1437800326334070788,真的裂开了
1437800326334070788,这哪个游戏有毛病分五个段位啊
1437799042990284802,哈利波特電影重看中
1437799042990284802,目前看到第五集鳳凰會的部分
1437799042990284802,這集最
1437799042990284802,看到小天狼星掛掉哈利波特當時的表情我超想哭的´
1437799042990284802,ω
1437799042990284802,///
1437797985639755781,這是我☺沉迷哈利波特///
1437794621879459851,哈利波特魔法覺醒
1437794621879459851,在這個人人都能放咒語的年代
1437794621879459851,喔
1437794621879459851,原來是科學忍具阿
1437792694676373518,沒看過哈利波特絕對是罪大惡極
1437792694676373518,要判刑的話應該就是看完小說電影才能達到假釋門檻
1437792694676373518,假釋你也不要想給我亂跑，要指定去一次英國或日本環球影城的哈利波特園區，票根周邊認證才能出獄
1437792694676373518,怎麼可以有人沒看過哈利波特😡
1437792262147256340,有没有一起玩哈利波特的崽崽啊
1437792210720862208,哈利波特社團社員招募中ᐛو
1437792210720862208,歡迎同是蛇院ㄉ推友朋朋加入
1437792210720862208,搜尋男偶像來泡泡茶啊
1437792210720862208,剛剛發現海報可以加自己的圖
1437792210720862208,於是做了個符合我們社名的
1437792210720862208,希望審核能過應該可以吧///
1437791424083279879,讓我們在哈利波特巫師聯盟中成為好友
1437791424083279879,我的好友代號為
1437788323683217422,今天好忙
1437788323683217422,下班吃飽後去拿東西又去買書
1437788323683217422,回來直接接跑彈
1437788323683217422,又跟朋友聊了一個小時
1437788323683217422,都還沒好好滑推
1437788323683217422,要先來解今天的哈利波特
1437787609137389572,这次开学来开始记账了
1437787609137389572,总算知道自己钱去哪里了😵‍💫
1437787609137389572,每一天都是，只是在学校和网购而已
1437787609137389572,唉，还是培养一个好的消费习惯吧
1437787609137389572,而且，生理书重复的看
1437787609137389572,有感受到每次都能捕捉到新的知识点与理解，这样很棒耶
1437787609137389572,最近又要重刷哈利///
1437787351074357259,哈利波特
1437787351074357259,寶可夢
1437787351074357259,///
1437783021042774021,大家早安安安安呀
1437783021042774021,可莫最近玩哈利波特玩得好開心////
1437783021042774021,有朋朋要來加可莫的社團與好友嗎
1437783021042774021,///
1437773990907596819,時隔三年又看了一次怪獸與他們的產地
1437773990907596819,當年沒去電影院看只能用盜版影片
1437773990907596819,翻譯跟屎一樣畫質像垃圾根本沒看懂劇情
1437773990907596819,現在看完真的又夠愛紐特的雖然劇情可能沒比哈利波特本身精彩但紐特的人格特質顏值氣質完全我的菜🥲🥲
1437769636699852803,不禁发出感叹，夏目友人帐没有接受网易的合作邀请真是太好了
1437769636699852803,哈利波特·阿兹卡班学院·食死徒觉醒
1437769636699852803,这几天看到这个游戏，就想起，莉莉死前倾尽全力释放的保护咒，斯内普抱着莉莉尸体的无声嚎哭，小天狼星惊愕捂住胸口，学长倒在草地上睁大眼睛
1437768280253419524,跟大家分享一下
1437768280253419524,哈利波特的遊戲在我手機裡存在過分鐘為什麼只有分鐘呢因為我內存不夠
1437765123322482688,沒有看哈利波特是不是就無法在這世上生存🥲
1437765085263400963,聽到哈利波特我直接下線有看但真的沒怎麼認真的看的我
1437760241861414916,哈利波特好複雜喔有好多事要做不適合要上班的我，所以下禮拜再來熬夜玩嗯
1437756156798136326,北京的那个哈利波特城堡好玩不
1437756156798136326,谁去过
1437756156798136326,🤤🤤🤤🤤///
1437754844006293506,已经打了四天哈利波特了，现在才上推
1437754809109471232,重新看哈利波特///
1437754612593819652,傳說也變太醜⋯
1437754612593819652,還是是因為玩了哈利波特所以好看的標準變高了😍
1437754612593819652,不過新大廳是真的醜而且好不習慣戰場變的有點透明
1437754612593819652,新英雄還沒玩過不知道好不好用欸一直想試試看但都來不及搶到🥲
1437753257913307137,哈利波特魔法觉醒，电脑版，卸载，累了
1437753257913307137,🥲
1437746020130058241,哈利波特好難啊
1437745551383019527,哈利波特開始玩四天無課拿到四張傳說🥺🥺
1437737382812348416,回看哈利波特与魔法石，看到一张张熟悉的面孔，再想到他们各自的结局，泪水在眼眶里转来转去///
1437735915443478528,好的，哈利波特手游第五天这个游戏就不能玩了
1437731724528476162,好想玩魔法覺醒噢
1437731724528476162,但我沒辦法忍受競技類遊戲輸人
1437731724528476162,這是一種詛咒吧´Д`
1437730321370214400,_也不是說哈利波特不好看~
1437730321370214400,但我真的每次看必睡~才一直看不完
1437725011465289733,最近那个什么哈利波特的手游我看了一眼空间他们发的截图和视频啥的，这玩意不就是换皮皇室战争
1437725011465289733,皇室战争这玩意就又肝又氪的，然后这个什么哈利波特手游还特么是网易的，真的有人去正儿八经玩这玩意嘛
1437725011465289733,现在年轻人为了个不至于吧
1437716212348186627,哈利波特也太好笑，四个学院真的都是各有性格
1437716212348186627,打架的基本都是狮蛇相争，魔法史每个服都是鹰院第一，獾院我是完全没想到有超多人会去选，而且很神奇的是完全不知道他们在做什么
1437716212348186627,每天都能碰得到
1437716212348186627,也是和小说里面的设定很匹配了
1437716212348186627,勤劳肯干
1437716212348186627,三强争霸赛里面的霍格沃兹的代表选手也是獾院的
1437714439491317761,就哈利波特那个破音游星初遇我肌腱炎都要给练出来了麻了
1437714121135321089,今天开始哈利波特了来着，然后就记起来做的这个有点像食死徒的角色图了
1437714121135321089,版在///找
1437714121135321089,///
1437710173120905227,啊啊啊想找一个哥哥一起打游戏，会玩哈利波特的更好
1437704893133836289,哈利波特玩起來好嗎
1437704893133836289,///
1437702714796900354,_抱歉了但我真的沒看過哈利波特🥺
1437699147558113284,雖因中資的緣故我自己不玩魔法覺醒，這完全是我個人選擇，我很多朋友入坑我沒意見啦，感覺確實很香，唯一希望她們別課太多還是管太多ㄌ搜哩
1437699147558113284,我八年級頭還記得高中全班都迷的盛況，可惜我多年後才開始看同人文，完全錯過黃金時期如果有更多人因遊戲入坑我還是很開心啦
1437699042964766720,___所以我也想要一隻哈利波特~然後輸出全靠索命咒🤣再來個魔法清小怪龍蛋偶爾放
1437698615905034243,我抵制罗琳是不假，但我并不是因为作者才不喜欢哈利波特的
1437698615905034243,在我看来哈利波特就是给小孩看的，问题是我小孩时候也宁愿看脑洞大开的科幻作品，几个小屁孩整几个魔法这么无聊的东西我看的进去么
1437698001720410118,其實我以前做過羅琳官方ㄉ哈利波特學院測驗怎麼做都是雷文克勞
1437696246764818435,___哈哈哈更進階就是來隻金卡哈利波特
1437696151570948101,然後我還狂玩哈利波特手遊
1437696151570948101,畫不完只能怪自己🥺///
1437689631202414595,雖然禮拜五就去買了
1437689631202414595,但一直玩哈利波特都忘記曬一下惹
1437689631202414595,掛軸超香大哭的臉
1437689631202414595,有興趣可以到看看
1437689631202414595,❤️
1437689631202414595,璐洛洛///
1437688328225050628,看大家都在玩哈利波特手遊
1437688328225050628,我實在不好意思說
1437688328225050628,·
1437688328225050628,·
1437688328225050628,·
1437688328225050628,·
1437688328225050628,其實我沒看過哈利波特逃
1437685867557097472,快来找我
1437685867557097472,我要冲哈利波特理直气壮
1437685867557097472,开学了回复不及时过门槛的直接甩支付宝口令红包和你的微信看到了会加的
1437685867557097472,有没有哈利波特双排的我顶尖了///
1437684615511117825,今天宗教学课两个小时在讲创世纪
1437684615511117825,讲上帝七天造世界亚当夏娃偷吃禁果
1437684615511117825,还有蛇的寓意
1437684615511117825,然后我觉得无聊
1437684615511117825,开小差打了两个小时哈利波特
1437681167122059271,论我这日渐奇怪的
1437681167122059271,前提最近在玩哈利波特魔法觉醒，我被分院帽分到了獾院
1437681167122059271,午休时，
1437681167122059271,"主人""学院活动魔法史课排名截图，主人的学院第一赫奇帕奇果然很拉，都没读过书的样子"""
1437681167122059271,我啊呜呜呜有主人被羞辱到，☆///
1437678458914574343,아ㅏㅏㅏㅏㅏ好討厭為什麼哈利波特那個遊戲是中資啦ㅠㅠㅠ前幾天海看到有人分享需要授權錄音😭😭身為普通粉絲也好想玩😭
1437673630943485964,×
1437673630943485964,，我这不就搞了
1437673630943485964,❗️动作有参考，就是那张经典剧照
1437673630943485964,❗️背景是哈利波特魔法觉醒游戏截图
1437673630943485964,///
1437670824157319168,哈哈这个大乌贼像极了哈利波特里的摄魂怪
1437670207162441731,你是說哈利波特嗎
1437660974744358915,所有人都在聊环球影城，这让我这个对哈利波特无感的人感觉格格不入
1437660974744358915,我在那个时代在干嘛呢
1437660974744358915,好像是在看金庸小说
1437658287525167104,我看哈利波特从来没喜欢过哈利波特这个人，我一直最喜欢和，甚至把英文名改成
1437658287525167104,我看柯南也从来不喜欢柯南，最爱灰原哀
1437658287525167104,这是我的撑女反男天赋吧
1437657039799406598,這幾天很認真的在玩哈利波特手遊
1437657039799406598,因為把小說看得滾瓜爛熟而在學院杯幫自己學院拿下第一名的感覺真好滿足入戲太深
1437654578082684930,魔法師日常任務時間花枝丸哈利波特魔法覺醒///來自
1437652235723345921,话说哈利波特那个新手游感觉不错，但可惜最近好忙，没有时间做呢
1437652224876822528,哈利波特裡石內卜自創的咒語撕淌三步殺除了音譯還原以外，還把攻擊型態撕淌跟危險程度三步殺都放進名字裡了譯者真的好厲害
1437651107199668226,欸不是我們學校的圖書館申請
1437651107199668226,也太像什麼魔法學院
1437651107199668226,它是個奇特的地方，知道它的存在卻不知道它的內在
1437651107199668226,幹嘛啦喜歡哈利波特吼
1437643670312742923,额，最近大陆的年轻人都在玩儿一款名叫哈利波特魔法觉醒的手机游戏大热门的手游这个情报不知道算不算
1437643465974861824,好久不见，最近怎么样
1437643465974861824,正在学会重新振作，看了惦记很久的书籍
1437643465974861824,感觉怎么样
1437643465974861824,有什么给我推荐的吗
1437643465974861824,想知道吗
1437643465974861824,世界尽头的咖啡馆写作方式和风格我比较受用，没有重复无谓的空话，它在慢慢引导你去思考
1437643465974861824,然后电影大概就是重温哈利波///
1437642591063855115,_旁邊需要擺一套哈利波特當參考資料嗎😆
1437638511373414400,其实我觉得哈/利演技不咋地赫/敏也
1437638511373414400,小时候知道哈/利/波/特是和我哥他们一起看的就记得男主有点丑后来我长大自己看发现那个时候看的是最后一部他真的长残了而且电影好黑我都看不清所以导致我一直不喜欢这个电影也没看过///
1437623303762501635,对于我这种日常非酋来说，哈利波特的出橙对我来说挺高的，还出了两张哈利一张闪电风暴
1437623303762501635,哈利波特魔法覺醒四爱奴兰州///
1437622085598150661,怎么说呢哈利波特签到拿了张金卡
1437622085598150661,///
1437622069928214534,哈利波特这游戏其实就是炉石传说的翻版啊感觉
1437622069928214534,没求意思，玩起来累，删了
1437622069928214534,///
1437620935100485639,哈利波特騎掃把都是騙人的
1437620935100485639,///
1437620787825897476,犀牛盾的哈利波特殼好好看🥰🥰🥰
1437619476682330116,✎自言▸▸▸
1437619476682330116,對哈利波特的印象只停留在消失的密室
1437619476682330116,今天的魔法史課堂
1437619476682330116,讓我有種回到以前唸書時期
1437619476682330116,完全沒讀書拿到考卷一臉懵的感覺
1437619476682330116,還好可以抄同學的答案
1437619476682330116,最喜歡畫畫的課堂~雖然我畫的很爛😌
1437617727598829574,還好我只有因為貓頭鷹買了元的那個禮包~
1437617727598829574,也可能是因為我本身沒看完哈利波特所以還沒有讓我課金的衝動
1437610795597107205,哈利波特啊，哪个学院啊
1437608143156961281,魔法覺醒太毒ㄌ
1437608143156961281,看到一堆人都課爆
1437606721178923009,死神的炒飯⋯⋯靠邀
1437606721178923009,限制級版的哈利波特喔
1437606721178923009,///
1437604792482869250,哈利波特魔法觉醒，有一起玩的吗///
1437575628111417349,太离谱了，哈利波特抽到水牢，每日一抽黑屏千鸡虽然已经第三只了，离谱，就真的离谱///
1437561081644392450,永恆的煉金術祕密日記
1437561081644392450,///
1437561081644392450,第三世多杰羌佛義雲高义云高福慧妙門佛教佛學佛法佛經煉金術長生不老返老回春哈利·波特///
1437558544954322945,梦到看哈利波特的书，用本子抄所有的咒语
1437551059619045377,扑克碎碎念好辛苦拍完的照片发了又要开始摸鱼了关于投票结果还是蛮开心的/
1437551059619045377,哈利波特韭菜觉醒太上头了希望以后禁林可以继续优化可以加我一起玩魔法部扑克睡不醒/社团招人猫猫神教不然我们连社团活动都开不了呜
1437551059619045377,药吃完///
1437546217303576592,精选王源版哈利波特弹钢琴°空中翻转宋茜秒换装上演复古秀王牌对王牌第期浙江卫视官方王源王祖蓝宋茜/中国浙江卫视官方频道欢迎订阅
1437535879032041474,我也想到说像哈利波特里的摄魂怪
1437499883733225476,栗奇入坑哈利波特
1437499883733225476,我所以裡面真的沒有塔利班
1437499883733225476,栗奇
1437499883733225476,我
1437499883733225476,栗奇阿茲卡班啦笑死
1437499883733225476,笑死到底誰才是沒看過電影的那個
1437493009889710081,这两天阴差阳错的又开始了直播观众粉丝都很热情直播氛围也很好大家都很开心，可是一下播心里又开始空落落的，也不想看群消息，洗个澡躺下电脑放着看了一万年的综艺玩着哈利波特也不知道心里在想什么比起无人诉说更痛苦的是没有想诉说的人吧
1437487853429133315,我在哈利波特遊戲根本就當史萊哲林的料
1437487853429133315,首抽甚至抽到撕淌三步殺，謝謝大家
1437487853429133315,佛地魔與石內卜的傳人啦
1437487853429133315,然後分院儀式進了葛萊分多，喔///
1437487346711089152,因為最近在玩哈利波特ㄉ手遊
1437487346711089152,突然很想看哈利波特全集
1437487346711089152,於是決定從今天開始補
1437485756050669571,昨天晚上手機開懸浮視窗
1437485756050669571,一邊看金南俊直播一邊打哈利波特決鬥賽
1437485756050669571,結果狂贏🤣🤣🤣
1437485756050669571,原本下午輸了好幾場
1437485756050669571,謝謝金南俊的加持
1437485756050669571,///
1437479916660932608,雖然很抱歉但我刪了哈利波特
1437479916660932608,這輩子都要當漫威人🥺💦💦
1437479916660932608,徘徊在美隊和蛇隊之間
1437479916660932608,最後還是有夠俗辣的選了基本款
1437479916660932608,但看到這幕還是好香🤤
1437479916660932608,還是這種打打殺殺的遊戲適合我///
1437470572821159936,今天沈迷在哈利波特跟時光公主裡都沒人陪我一起玩時光公主連我男友都拒絕一直玩到生氣因為手機一直當掉不知道等我存到錢換新手機還要多久
1437469598681636864,辣鸡网易哈利波特一张金卡都抽不到唯一的金卡还是剧情送的气死我了
1437467334185160711,第一屆哈利波特推特阿米盃決鬥大賽
1437467334185160711,報名表來囉
1437467334185160711,我們把音間的肖話成真了
1437467334185160711,歡迎沉迷哈波的決鬥狂熱者報名
1437467334185160711,第一名有小獎品唷
1437467334185160711,感謝
1437467334185160711,家庭小精靈權益促進會贊助此活動///
1437465573152096257,_這難道是哈利波特嗎
1437465407430873090,人生中大部分賺的錢來自中國
1437465407430873090,至今最高的職場尊嚴來自中國
1437465407430873090,平均密切聯繫的好友來自中國
1437465407430873090,第一次自己出國的錢來自中國
1437465407430873090,最近兼職簽約最高薪來自中國
1437465407430873090,上週開始玩哈利波特來自中國
1437465407430873090,老實說我整個人根本徹底中資
1437465407430873090,我就爛
1437463887566278670,谁来教教我哈利波特///
1437459888934830080,剛剛打完遊戲看了一下聊天頻道全都是在各種討論如何花式幹哈利波特我真的
1437459888934830080,連魯休思馬份都出來了到底是在幹嘛啦🤣現在是史萊哲林人人都想幹救世主是嗎
1437459006574891009,不要不要不要再廣告我哈利波特手遊了
1437459006574891009,我是不會玩的
1437458997771079680,沈迷於哈利波特無法自拔
1437458997771079680,我就很容易被遊戲網羅啊😩
1437458997771079680,也只有玩兩個遊戲還都是中資不然是要我怎樣啦😩
1437458997771079680,你沒有鼻子不能索我的命
1437458997771079680,如果是紐特小可愛我願意但是他不會🥺///
1437458298630914050,✧⁺⁺✧
1437458298630914050,默默地籌備了半年，終於可以向大家發表這個新
1437458298630914050,ε
1437458298630914050,₃
1437458298630914050,з♥
1437458298630914050,是一個關於鳥魔法學校的徽章設計參考了哈利波特的學校，也分了///
1437456521323941891,欸不是啊
1437456521323941891,我原本只打算爆一點點配個影集而已
1437456521323941891,現在這樣是要看哈利波特是不是///
1437454410049753090,夢塗鴉
1437454410049753090,不知道是不是最近一直在玩哈利波特的關係今天夢到我是個魔女正在床上睡覺，然後我的水晶球好像是活的，到早上直接跑來壓我，壓我完後看我不起床乾脆直接跑進棉被一起睡有夠可愛
1437454410049753090,也很草的畫了一下夢裡印象中的房間，感覺///
1437452485707255811,開學忙到錯過/田柾國生日
1437452485707255811,/我生日
1437452485707255811,/金南俊生日要來推特收圖
1437452485707255811,發日常
1437452485707255811,最近的娛樂就是哈利波特///
1437450693829218306,我觉得哈利波特的手游不好玩
1437450693829218306,我是不是老了
1437446032074461192,因为这游戏又开始看十几年前看过的哈利波特系列，剧情忘得差不多了挺好😅
1437445047591473153,백현아오늘은
1437445047591473153,今天看了哈利波特的剪辑还有些伤感
1437445047591473153,记得小狗说过不喜欢哈利波特我真的不能同意
1437445047591473153,不过今天还是这样过去了希望小狗过得开心
1437445047591473153,那么就早点睡吧
1437445047591473153,小狗好梦
1437445047591473153,今天，小狗晚安
1437445047591473153,__
1437444804690911233,呜呜呜好想用中文重读一遍哈利波特
1437444804690911233,永远给我带来欢喜和快乐
1437440468191567881,我的確有社恐，但是看到帥哥我就可以剋服這種恐懼參加哈利波特舞會有感
1437440468191567881,我的確厭男，但是如果是二次元男人我就可以剋服這種厭惡
1437440468191567881,我也的確渴屌，但是在看到那一刻我就已經不再渴望了
1437438741405048840,_哈利波特忠實粉絲在這
1437434654626234372,有沒有哈利波特
1437433028553285633,玩哈利波特之前听说是网易的
1437433028553285633,就知道抽卡这种东西只会伤你的心
1437433028553285633,但是好多朋友都玩了也凑热闹玩玩吧
1437433028553285633,果不其然抽卡黑黑黑
1437433028553285633,😑
1437432160659521544,沉迷于哈利波特一周，逐渐意识到忠诚勇气加野心随我来说才是最重要的，批评挫折困难都是一个个的博格特和摄魂怪，需要用搞笑心态滑稽滑稽或者美好回忆呼神护卫才抗得过去
1437432160659521544,大家都生活在魔法世界里罢了
1437429371094986753,每天下班要做的事情
1437429371094986753,·滑推上班漏掉的進度
1437429371094986753,·玩餅國收成打競技場打懸賞
1437429371094986753,·玩哈利波特找拼圖其他可以晚點
1437429371094986753,·補的對話
1437429371094986753,下班也好忙的感覺
1437426780508344322,無課台
1437426780508344322,只想看劇情的玩家
1437426780508344322,花枝丸哈利波特魔法覺醒///來自
1437426076502790146,哈利波特玩好玩滿，累🥱
1437423038350299138,感觉不如哈利波特
1437421217116405763,咪嚕
1437421217116405763,問一下可以在哈利波特裡推廣妳嗎
1437421217116405763,´･ω･`///
1437420881249067021,백현아오늘은
1437420881249067021,等待你的日子一天天减少我要高考的日子也一天天越来越近明天要上罚站体育课最近没能很好的写完作业很难过但是依旧充满希望
1437420881249067021,最近打了哈利波特手游感觉还可以哦不过不应该深究哈哈哈全部都等高考之后再///
1437417787006210053,日常最近的時間小偷是新出的哈利波特遊戲很久沒玩遊戲結果掉坑了
1437415304833880072,哈利波特卸载了，垃圾游戏我干你🐴
1437415304833880072,本来想做一下日常去玩，打那个红色线索巨蛛领地，队友告诉我退出去线索就没了，硬着头皮打了两个小时都过不去，各种搜攻略换卡组，最后心态崩了退出去，告诉我线索不会没🙃🙃🙃这辈子打游戏没这么无语过
1437410790114414597,我真的要戒哈利波特欸
1437401254225793025,跟风下了哈利波特之后我迷茫了
1437401254225793025,这游戏咋玩
1437401254225793025,为什么开局送了这么多小卡片
1437401254225793025,有什么用吗
1437401254225793025,我到哪去做任务
1437401254225793025,我为什么没有室友
1437401254225793025,太他妈难了吧在卸载的边缘徘徊😭
1437400366220394502,해리포터는哈利波特라고하는구나
1437400366220394502,波만博으로바꿨어크크크크크크
1437399972249362432,我好想玩魔法覺醒喔但想到玩遊戲就覺得好累蛤
1437399972249362432,哈迷新朋朋說滿好玩ㄉ
1437399972249362432,可是我不知道那裡面在幹嘛欸
1437399972249362432,我有點害怕雖然我愛爆哈利波特
1437399972249362432,玩遊戲也要怕半天
1437399871481270275,扫黑风暴全集送审版
1437399871481270275,失控玩家
1437399871481270275,重案怒火
1437399871481270275,明日之战
1437399871481270275,白蛇青蛇劫起
1437399871481270275,南巫
1437399871481270275,哈利波特部
1437399871481270275,各种最新电影资源，一部
1437399871481270275,需要的➕微❤️
1437398436714729480,痠到不想下床拿東西但好想玩哈利波特但腳好痠嗚嗚
1437395965409828871,有沒有人在玩哈利波特是蛇院的🥺
1437395965409828871,我創了一個國旻的社團
1437395965409828871,最大的魔法煉油廠要是不知道要加什麼社團可以來和我一起取暖❤️
1437394750965907463,哈利波特好好看喔我以前怎麼沒有電影可以看
1437392070633607169,扫黑风暴全集送审版
1437392070633607169,失控玩家
1437392070633607169,重案怒火
1437392070633607169,明日之战
1437392070633607169,白蛇青蛇劫起
1437392070633607169,南巫
1437392070633607169,哈利波特部
1437392070633607169,各种最新电影资源，一部
1437392070633607169,需要的➕微❤️///
1437391213871570945,習作
1437391213871570945,上完課後想練習但不知道畫啥，因為最近迷上了哈利波特哈哈哈，最後就畫了版本的🥰
1437391213871570945,是史萊哲林資優生
1437391213871570945,我也有玩哈利波特林翎
1437391213871570945,歡迎加加
1437391213871570945,🥳///
1437387820356694018,時裝讓我好想課只有我玩哈利波特什麼都不想做只想買衣服嗎
1437385509639049219,我開心到快瘋了
1437385509639049219,我好愛嗚嗚嗚
1437385509639049219,哈利波特🥺🥺^
1437385509639049219,","
1437385509639049219,"""/語無倫次"
1437385509639049219,好讚😭😭😭😭💖
1437385509639049219,對我太好了吧😭😭💖✨✨✨///
1437382096427761667,哈利波特的遊戲裡面，打奶油啤酒居然會被視為敏感詞彙
1437382096427761667,到底
1437380890015895553,剛剛南俊直播通知
1437380890015895553,我的哈利波特學年考核到一半
1437380890015895553,直接丟下那棵樹來看直播
1437377765234253825,沉迷哈利波特手游无法自拔
1437376304077099017,马克思为了自己喝酒，不管家里，把资本家的钱拿去下酒馆吹牛皮，写了本类似货币战争的地摊文学，穷逼一个居然被吹成经济学大师
1437376304077099017,可以看马克思爱国，不能看哈利波特，太进步啦
1437375547605065728,哈利波特是现在正在做五周年祭的工作室做的
1437375547605065728,请问各位鼠鼠，我退坑两年了，现在还好玩嘛
1437373058847809538,"_紅底,連香港人都係敏感字"
1437373058847809538,以下截自共業
1437373058847809538,哈利波特魔法覺醒由網易遊戲及華納兄弟共同開發
1437373058847809538,網易遊戲為網易子公司
1437373058847809538,網易由中國商人丁磊擁有
1437373058847809538,///
1437369285010083854,哈利波特玩一天脑壳都是懵的
1437368786017939461,事實上，根本不適合改編手游
1437368786017939461,主要是想在遊戲中體驗哈利波特的魔法世界觀，所以先決條件就是畫面要夠精美，才能令人沉浸其中，光滿足這點已經很難
1437368786017939461,重要的是，主流手機遊戲的盈利方式都是內置課金，這點限制了遊戲玩法，不是抽卡轉///
1437359183578365963,哈利波特真帅
1437358639631659011,哈利波特
1437358639631659011,手機推特
1437358639631659011,電腦
1437354151172657156,我就知道哈利波特是一本陰影小說非色情
